xai_sample_id,test_index,relative_path,filename,subject_id,eye_state,gender,glasses,reflection,lighting,sensor,split,true_label,true_class,correct_mobilenetv3,prob_target_mobilenetv3,prob_open_mobilenetv3,correct_shufflenetv2,prob_target_shufflenetv2,prob_open_shufflenetv2,correct_efficientnet_b0,prob_target_efficientnet_b0,prob_open_efficientnet_b0,correct_deit_tiny,prob_target_deit_tiny,prob_open_deit_tiny,correct_repvit_m1_0,prob_target_repvit_m1_0,prob_open_repvit_m1_0,correct_efficientformer_l1,prob_target_efficientformer_l1,prob_open_efficientformer_l1,n_models_correct,common_correct_all_six,min_prob_target_all_six,mean_prob_target_all_six,max_prob_target_all_six,selection_hash,selection_rank_within_stratum,sampling_quota,image_sha256
XAI_0001,846,s0002/s0002_00847_0_0_0_0_0_01.png,s0002_00847_0_0_0_0_0_01.png,s0002,0,0,0,0,0,1,test,0,closed,True,0.9999999710183705,2.898162954068084e-08,True,0.9999993412855019,6.587144980585435e-07,True,0.9999999943281095,5.6718905128150254e-09,True,0.9999996004030436,3.995969564130064e-07,True,0.999999960699203,3.9300797e-08,True,0.99999956641122,4.3358878e-07,6,True,0.9999993412855019,0.9999997390242413,0.9999999943281095,0039a52b62cfb88215d3e59060578c68774c80b95bbfefe50aacf12148bd19c7,1,50,99ce8e3caac78ab791b3d3dc4047c6e12b64b6e10ee1544511bd646fb0e33d57
XAI_0002,906,s0002/s0002_00907_0_0_0_0_0_01.png,s0002_00907_0_0_0_0_0_01.png,s0002,0,0,0,0,0,1,test,0,closed,True,0.9999999999704073,2.959262349055969e-11,True,0.9999999280899203,7.191007966866891e-08,True,0.9999999962398518,3.760148192810675e-09,True,0.9999997454618779,2.545381221352727e-07,True,0.999999964388614,3.5611386e-08,True,0.99999992694468,7.305532e-08,6,True,0.9999997454618779,0.9999999268492252,0.9999999999704073,004258c556ee5adec66b2e1de5b9f7ec411a81aa8c1b125ee060d91e282ddb34,2,50,714fa24c45845b8bf195584f4444b3d39c696f2a7b4bc8f074a3871061c519de
XAI_0003,633,s0002/s0002_00634_0_0_0_0_0_01.png,s0002_00634_0_0_0_0_0_01.png,s0002,0,0,0,0,0,1,test,0,closed,True,0.9999999999989851,1.0148120408240424e-12,True,0.9999999907003767,9.299623293657078e-09,True,0.9999999996167651,3.8323488826819125e-10,True,0.9999993866794625,6.133205374680983e-07,True,0.99999996834542,3.165458e-08,True,0.9999985527262,1.4472738e-06,6,True,0.9999985527262,0.9999996496778683,0.9999999999989851,0051e6fb7de3116a8a577f481ae5a1c6ccf25d10f48843456adb706ab8d985f7,3,50,67fcd6f011622d20f032c702248efaaefaeda22f8b20fd3a76ffedf211a1685c
XAI_0004,938,s0002/s0002_00939_0_0_0_0_0_01.png,s0002_00939_0_0_0_0_0_01.png,s0002,0,0,0,0,0,1,test,0,closed,True,0.9999999999999907,9.28858701651318e-15,True,0.9999936575841275,6.342415872495621e-06,True,0.9999999997643835,2.3561649853398587e-10,True,0.9999998327839563,1.672160436783088e-07,True,0.99999996944745,3.055255e-08,True,0.9999999015357,9.84643e-08,6,True,0.9999936575841275,0.9999988935192681,0.9999999999999907,005a99b1a2dab61c4c1129d15a48ee3f813112feb7b30de627fdd79f9827eea3,4,50,2fb318b3d21b880ede89dfb87fa83dd3af2cfa4598b9c8ce32a35800941e6e8b
XAI_0005,691,s0002/s0002_00692_0_0_0_0_0_01.png,s0002_00692_0_0_0_0_0_01.png,s0002,0,0,0,0,0,1,test,0,closed,True,0.9999865443869567,1.345561304333387e-05,True,0.9999998161448076,1.8385519240382567e-07,True,0.9999974895144987,2.510485501261428e-06,True,0.9999994879466385,5.120533614899614e-07,True,0.99999905567915,9.4432085e-07,True,0.999997749634,2.250366e-06,6,True,0.9999865443869567,0.9999966905510086,0.9999998161448076,007bb18be5dae7f3eceef6b8d874539939e863a0d45c77ffff3a274eb85fc8d8,5,50,4bd07e526d0984d12b62e61590643c4f4c7a7f819dae8f129778667371e05ac6
XAI_0006,126,s0002/s0002_00127_0_0_0_0_0_01.png,s0002_00127_0_0_0_0_0_01.png,s0002,0,0,0,0,0,1,test,0,closed,True,0.9999999970460578,2.953942201955328e-09,True,0.9999985757456216,1.4242543784348527e-06,True,0.9999958724029057,4.127597094338853e-06,True,0.9999980341622177,1.965837782336166e-06,True,0.99999981153297,1.8846703e-07,True,0.9999990215279,9.784721e-07,6,True,0.9999958724029057,0.9999985520696123,0.9999999970460578,0088507b62e2c9b08f9d6efaec5cca23025f131b536c8e02129e4df01b02ed62,6,50,c00da7689b61d1b047869fa76cdf6ce7ee1a18da517e754816eb17848dadd686
XAI_0007,401,s0002/s0002_00402_0_0_0_0_1_01.png,s0002_00402_0_0_0_0_1_01.png,s0002,0,0,0,0,1,1,test,0,closed,True,0.999999994642617,5.357382981685532e-09,True,0.9999998604562279,1.3954377209302038e-07,True,0.999999861289723,1.3871027704226438e-07,True,0.9999979030922077,2.096907792292768e-06,True,0.9999981420578,1.8579422e-06,True,0.999999973226162,2.6773838e-08,6,True,0.9999979030922077,0.9999992891274562,0.999999994642617,011d1f6866b3cd544744183540d51211a9489ae720012449b37bdce93b3e0237,7,50,db1e1b401e632329054ae2d0f2b04b3d637ff3d32dbefa9faf71690c3fffa634
XAI_0008,596,s0002/s0002_00597_0_0_0_0_0_01.png,s0002_00597_0_0_0_0_0_01.png,s0002,0,0,0,0,0,1,test,0,closed,True,0.9999999999999496,5.039871785964684e-14,True,0.9999931834649942,6.816535005782498e-06,True,0.9999999268437278,7.315627215120912e-08,True,0.9999989419529811,1.0580470188870097e-06,True,0.99999970539722,2.9460278e-07,True,0.9999925199368,7.4800632e-06,6,True,0.9999925199368,0.9999973795992787,0.9999999999999496,0142ecd08a3c79644e7b4dc4a53278040fed952db1e5a653267087c938b24ccd,8,50,d49459d4bc74acdb3311da6557f26dc21ab8e535ac89e4936d0e65b6a652fc85
XAI_0009,443,s0002/s0002_00444_0_0_0_0_0_01.png,s0002_00444_0_0_0_0_0_01.png,s0002,0,0,0,0,0,1,test,0,closed,True,0.9999996854787128,3.1452128723685746e-07,True,0.9999999615660116,3.843398843628165e-08,True,0.9999999993488846,6.511153838317796e-10,True,0.9999973334959122,2.6665040877560382e-06,True,0.999999894885796,1.05114204e-07,True,0.9999999982023876,1.7976124e-09,6,True,0.9999973334959122,0.9999994788296173,0.9999999993488846,0177eb365877607110e62272eaec02200d54c78eb157120b6320f434d2966dd7,9,50,cea1ddb14abbe16b4531fc98f62c6c509e748465fd3eacf20c47d0185c7e7b0a
XAI_0010,8,s0002/s0002_00009_0_0_0_0_0_01.png,s0002_00009_0_0_0_0_0_01.png,s0002,0,0,0,0,0,1,test,0,closed,True,0.9981737857451664,0.0018262142548337,True,0.999820652010385,0.000179347989615,True,0.9993862427654677,0.0006137572345323,True,0.9996256728773006,0.0003743271226994,True,0.9999978525505,2.1474495e-06,True,0.9999941721608,5.8278392e-06,6,True,0.9981737857451664,0.9994997296849366,0.9999978525505,0192a5653ad2bdc3b2339ae7a640391ffd4b596fc1d45dc00b8b14097757923b,10,50,71d0171b493f403acbdd366c8a242743d3c1803b676c45b5ad4380ce31c0bb7a
XAI_0011,647,s0002/s0002_00648_0_0_0_0_0_01.png,s0002_00648_0_0_0_0_0_01.png,s0002,0,0,0,0,0,1,test,0,closed,True,0.9999999999993259,6.740971713117827e-13,True,0.9999999968788489,3.121151115337284e-09,True,0.9999999997494959,2.505040896938482e-10,True,0.9999985870016417,1.4129983583188732e-06,True,0.9999999998272486,1.7275134e-10,True,0.9999998814522,1.185478e-07,6,True,0.9999985870016417,0.9999997441514602,0.9999999999993259,01a034aa3686a3ab7342c84cf69954fc23136ae78433ddabbfac67dc71109ec4,11,50,64e1767dd361cdbc69c68c7040c779882776a16b05ee086f29a39c9bd552c50e
XAI_0012,679,s0002/s0002_00680_0_0_0_0_0_01.png,s0002_00680_0_0_0_0_0_01.png,s0002,0,0,0,0,0,1,test,0,closed,True,0.9999999737499241,2.6250075890743574e-08,True,0.9999999866889357,1.331106425084272e-08,True,0.9999999963362056,3.663794378994112e-09,True,0.9999987838899642,1.216110035784368e-06,True,0.9999999921619525,7.8380475e-09,True,0.99999992374662,7.625338e-08,6,True,0.9999987838899642,0.9999997760956004,0.9999999963362056,01d5ccb87965082600354963771f746f254830049b4b763e6717f7f6f01a9ca1,12,50,d49f3b8c8bebd7964a43b24e6a3cd8c6210413b51c29ca7aeb03edfdd6aa9baa
XAI_0013,979,s0002/s0002_00980_0_0_0_0_0_01.png,s0002_00980_0_0_0_0_0_01.png,s0002,0,0,0,0,0,1,test,0,closed,True,0.9999999996390683,3.6093167343764776e-10,True,0.9999999314606143,6.853938572248809e-08,True,0.9999999801315109,1.9868489076202426e-08,True,0.9999993022575495,6.977424504839291e-07,True,0.9999999995940418,4.0595813e-10,True,0.99999979019391,2.0980609e-07,6,True,0.9999993022575495,0.9999998338794492,0.9999999996390683,02998bd0fe252e7812c21595b0eadbc189f2951347316a867fd80ef5eea49b23,13,50,c6420aedf71fa81c01847c5a210b005db6a35e34e132f4b0bc6471d32b46ac72
XAI_0014,778,s0002/s0002_00779_0_0_0_0_0_01.png,s0002_00779_0_0_0_0_0_01.png,s0002,0,0,0,0,0,1,test,0,closed,True,0.9999999997094762,2.9052388272887697e-10,True,0.9999995422127768,4.577872232403024e-07,True,0.999999958428365,4.157163502327421e-08,True,0.9999928451811684,7.154818831622833e-06,True,0.9999999991699826,8.300174e-10,True,0.999992165007,7.834993e-06,6,True,0.999992165007,0.9999974182847947,0.9999999997094762,029b37aa2f0c9199439687099f2e25b596f6f9a2d91b6ecca9c3e659403752de,14,50,3224e014e2fc18d857baab4bfa09275e71c9e33258c255f43e7ed60f72e3ea0d
XAI_0015,155,s0002/s0002_00156_0_0_0_0_0_01.png,s0002_00156_0_0_0_0_0_01.png,s0002,0,0,0,0,0,1,test,0,closed,True,0.9999999995033283,4.966717037646616e-10,True,0.9999999323469311,6.765306892475564e-08,True,0.9999991045005459,8.954994541454653e-07,True,0.9999999011075147,9.889248531180784e-08,True,0.99999973716947,2.6283053e-07,True,0.999999656435,3.43565e-07,6,True,0.9999991045005459,0.9999997218437983,0.9999999995033283,02cc4c94d8164c3c265ea2dd36b1abf193076e3ba95d51e67fae9cad1fc6cec4,15,50,182199380df76be6b545de77d8e75d4a60f7e7567f921e51989f4ca890ab8322
XAI_0016,578,s0002/s0002_00579_0_0_0_0_0_01.png,s0002_00579_0_0_0_0_0_01.png,s0002,0,0,0,0,0,1,test,0,closed,True,0.999999999996201,3.798998442217094e-12,True,0.9999999285124943,7.148750569285768e-08,True,0.9999999998577457,1.4225431943515332e-10,True,0.999998738923864,1.2610761359610478e-06,True,0.99999948304486,5.1695514e-07,True,0.99999993747946,6.252054e-08,6,True,0.999998738923864,0.9999996813024374,0.999999999996201,03294df695d02bdcda0775a80ce292f8e0fb07784097d484df70a4949c813933,16,50,950fb2fc37906c0a73d9ba30d1f35b8d44a879f95c5a1f59887d7c2b439424d5
XAI_0017,703,s0002/s0002_00704_0_0_0_0_0_01.png,s0002_00704_0_0_0_0_0_01.png,s0002,0,0,0,0,0,1,test,0,closed,True,0.999999982164983,1.783501701879686e-08,True,0.999999522670123,4.773298769578105e-07,True,0.9999999986536582,1.3463418158110583e-09,True,0.999999828994433,1.710055670400834e-07,True,0.9999954838922,4.5161078e-06,True,0.99991523003,8.476997e-05,6,True,0.99991523003,0.9999850077342329,0.9999999986536582,032acd068fbb9af58463b7e481446f2af123b7e1aee04194190f5167995f3db1,17,50,f378ea2ece6b0869f035dbdbf4e5de8910d7d36954c917780710e0b500fc6ca6
XAI_0018,528,s0002/s0002_00529_0_0_0_0_0_01.png,s0002_00529_0_0_0_0_0_01.png,s0002,0,0,0,0,0,1,test,0,closed,True,0.9999999998524427,1.4755729971227538e-10,True,0.9999997895438213,2.1045617870640854e-07,True,0.9999999969034803,3.0965197073129502e-09,True,0.9999993945972392,6.054027608115575e-07,True,0.99999978029342,2.1970658e-07,True,0.99999986719527,1.3280473e-07,6,True,0.9999993945972392,0.9999998047309456,0.9999999998524427,034f6f6801bd18a482154a369989b19702cb15f7b66700b2891a7b197463fa6a,18,50,6f1024831c3c6f8a187188d283af716bd3a5a14fb45e0a67a7ea12fc88a6211c
XAI_0019,761,s0002/s0002_00762_0_0_0_0_0_01.png,s0002_00762_0_0_0_0_0_01.png,s0002,0,0,0,0,0,1,test,0,closed,True,0.999999999999964,3.600686914427553e-14,True,0.99999752295912,2.477040879966808e-06,True,0.9999999998544657,1.4553420968344002e-10,True,0.999999824692722,1.7530727802750334e-07,True,0.999999999109506,8.9049396e-10,True,0.9999990238375,9.761625e-07,6,True,0.99999752295912,0.9999993950755462,0.999999999999964,039a5114a5c749a131be0658740da0936aa416215f1f4f18453b95c6db051dbb,19,50,8849ce621fa188935bf49116878f2af4be1dee5ea460dec29b2ab32ae5367322
XAI_0020,833,s0002/s0002_00834_0_0_0_0_0_01.png,s0002_00834_0_0_0_0_0_01.png,s0002,0,0,0,0,0,1,test,0,closed,True,0.9998340894089779,0.0001659105910221,True,0.9999990562661196,9.437338803763852e-07,True,0.9999998626157094,1.3738429061049828e-07,True,0.999998947472136,1.0525278639761382e-06,True,0.9999999982973795,1.7026205e-09,True,0.999998943017,1.056983e-06,6,True,0.9998340894089779,0.9999718161795538,0.9999999982973795,03f064b8ff549dbdb22d59578c9b7e743a28c01772e02a0cb1dcbdb5a80c7082,20,50,552aaa80f0c9a489a3a4a49a2fe4d8effe1d99ab5e921f47a9553c4d8e4382a4
XAI_0021,1002,s0002/s0002_01003_0_0_0_0_0_01.png,s0002_01003_0_0_0_0_0_01.png,s0002,0,0,0,0,0,1,test,0,closed,True,0.9999999997224839,2.7751609343873435e-10,True,0.9999999981258307,1.874169264226566e-09,True,0.9999999999997029,2.970779275791175e-13,True,0.9999997475358953,2.5246410473300784e-07,True,0.9999999997408243,2.5917568e-10,True,0.999999988606667,1.1393333e-08,6,True,0.9999997475358953,0.9999999556219006,0.9999999999997029,04022ab45a5fcc5b5e80d8e170738445afc2c72e0af2229de3d36ff79e6017a7,21,50,b3cbd03208a2662c274c4fbf01a3154bc02c4961331809b03cab8fa85cfdc0c4
XAI_0022,950,s0002/s0002_00951_0_0_0_0_0_01.png,s0002_00951_0_0_0_0_0_01.png,s0002,0,0,0,0,0,1,test,0,closed,True,0.9999999999999999,9.05055829106853e-17,True,0.9999999805708004,1.9429199582532423e-08,True,0.9999999999760852,2.3914793756407704e-11,True,0.9999998811838324,1.1881616757136727e-07,True,0.999999961096716,3.8903284e-08,True,0.999999969169803,3.0830197e-08,6,True,0.9999998811838324,0.9999999653328729,0.9999999999999999,04088e270418e8e5175ca16879f1a14e2d78810131e6a4c5321b503fa37e871e,22,50,da6c79f11c9c360e131e130a5e256b63eaa3d3a8f8e08b016b51eb4bb87728a8
XAI_0023,424,s0002/s0002_00425_0_0_0_0_1_01.png,s0002_00425_0_0_0_0_1_01.png,s0002,0,0,0,0,1,1,test,0,closed,True,0.9999999688861863,3.1113813747651875e-08,True,0.9999685001275793,3.149987242068164e-05,True,0.9999391795281554,6.0820471844635904e-05,True,0.99999896593215,1.034067850014253e-06,True,0.999997855608,2.144392e-06,True,0.9999997759791,2.240209e-07,6,True,0.9999391795281554,0.9999840410101951,0.9999999688861863,0462342ef0543cca19d265611e8c0c3c7e294f810b2f8ea56e23e1a3ee844cf3,23,50,f89465fcc6c6490ffc2825684c881c2d3ea3c6ebcdfd6ad75c84712a4748524b
XAI_0024,382,s0002/s0002_00383_0_0_0_0_1_01.png,s0002_00383_0_0_0_0_1_01.png,s0002,0,0,0,0,1,1,test,0,closed,True,0.9996493936341722,0.0003506063658278,True,0.9999988147113754,1.185288624583336e-06,True,0.9999989139307672,1.0860692327696595e-06,True,0.9999965705819704,3.429418029554654e-06,True,0.99999927182506,7.2817494e-07,True,0.9999984765728,1.5234272e-06,6,True,0.9996493936341722,0.9999402402093575,0.99999927182506,04c31b39b0b895f0aa022eae68c2005733f3cd68b57556d3a7ca8d0e9976a86a,24,50,01acee9bbcb45cd157c333a0668f8ddbfebc45b998fd2bd0826d61b52482101f
XAI_0025,813,s0002/s0002_00814_0_0_0_0_0_01.png,s0002_00814_0_0_0_0_0_01.png,s0002,0,0,0,0,0,1,test,0,closed,True,0.9971618566196412,0.0028381433803588,True,0.9996797655185219,0.0003202344814781,True,0.9999992102736428,7.897263571976509e-07,True,0.9999985920003382,1.4079996617510917e-06,True,0.9999936121617,6.3878383e-06,True,0.99999991523753,8.476247e-08,6,True,0.9971618566196412,0.999472158635229,0.99999991523753,04e7623814dcfb5339633a9ecd3129fe2df3056f250c8c64570d41a3f999bbfb,25,50,389712edeb8cc4702681ecc5fed01c31edb361dab0897abd539155c51799abba
XAI_0026,900,s0002/s0002_00901_0_0_0_0_0_01.png,s0002_00901_0_0_0_0_0_01.png,s0002,0,0,0,0,0,1,test,0,closed,True,0.9999999999999468,5.317431946692298e-14,True,0.9999990169578723,9.830421277001733e-07,True,0.9999997969423617,2.0305763825945178e-07,True,0.9999910712267592,8.92877324076835e-06,True,0.999999991956634,8.043366e-09,True,0.999999883987,1.16013e-07,6,True,0.9999910712267592,0.9999982935117623,0.9999999999999468,05488b24a0550f04fa653216ae0cf7c1f6bd4c191befb2b3a5fe5dfbfb30b7dc,26,50,dfe172209ebb8fafaa8a9bc2b0bc17a70132d8b4561efe1273dba788c7e8c798
XAI_0027,879,s0002/s0002_00880_0_0_0_0_0_01.png,s0002_00880_0_0_0_0_0_01.png,s0002,0,0,0,0,0,1,test,0,closed,True,0.9999999947560494,5.24395060708116e-09,True,0.9999993713699382,6.28630061783042e-07,True,0.9999999999989362,1.0638404220053577e-12,True,0.9999999124208543,8.757914571333458e-08,True,0.9999999999946879,5.312065e-12,True,0.99999965848224,3.4151776e-07,6,True,0.9999993713699382,0.9999998228371177,0.9999999999989362,05a43c3ff14b0ff2c77f3aab5bcfbd19552d3afbd877e9685584563b2254b057,27,50,b184f99ab5da81d12ef60a2cdb16f262c2253a22fa91ded65f5e0e97cd3e8d8d
XAI_0028,300,s0002/s0002_00301_0_0_0_0_0_01.png,s0002_00301_0_0_0_0_0_01.png,s0002,0,0,0,0,0,1,test,0,closed,True,0.9999962008164403,3.799183559749508e-06,True,0.9999999776214263,2.2378573660830625e-08,True,0.9999998029954185,1.9700458153693037e-07,True,0.9999998151271399,1.8487286013169069e-07,True,0.99999938523007,6.1476993e-07,True,0.999995030607,4.969393e-06,6,True,0.999995030607,0.9999983687329158,0.9999999776214263,05b6dd14af336c366be385467fc744aca841885ea3b5944f34b81b9c4547a559,28,50,b789520dc08a19712361f3276d56d8dca1b4c0e383bf05b042b8bef9ac98265c
XAI_0029,887,s0002/s0002_00888_0_0_0_0_0_01.png,s0002_00888_0_0_0_0_0_01.png,s0002,0,0,0,0,0,1,test,0,closed,True,0.999999999999173,8.269993847717649e-13,True,0.9999998497272031,1.502727968727413e-07,True,0.9999987857430597,1.2142569403295056e-06,True,0.9999989119288557,1.0880711442950997e-06,True,0.999999986885103,1.3114897e-08,True,0.9999999968284277,3.1715723e-09,6,True,0.9999987857430597,0.9999995885186371,0.999999999999173,06146aa91f7eaf84ecdb88afb5969f7223f7104d5bc21d6ecd5fe65cafcf31ea,29,50,db846f042588d9c6afef68801d13367c3a8d11defa3ec4226edecc683aaf4817
XAI_0030,314,s0002/s0002_00315_0_0_0_0_0_01.png,s0002_00315_0_0_0_0_0_01.png,s0002,0,0,0,0,0,1,test,0,closed,True,0.9999995283450005,4.7165499950097e-07,True,0.9999999532935249,4.670647513194126e-08,True,0.9999999976574738,2.3425261730380953e-09,True,0.9999997817127877,2.1828721230576773e-07,True,0.999999986783175,1.3216825e-08,True,0.99999991006876,8.993124e-08,6,True,0.9999995283450005,0.9999998596434536,0.9999999976574738,0661daf05a9b4e95da83099eb651ad43fefc5093fac1f4536d72fcadd40f0b3b,30,50,bcb7d2d8f809125780edce5ad2c91478ee48ba10fcaf49eb090d53e938aa03f2
XAI_0031,795,s0002/s0002_00796_0_0_0_0_0_01.png,s0002_00796_0_0_0_0_0_01.png,s0002,0,0,0,0,0,1,test,0,closed,True,0.9999999993129209,6.870790603130671e-10,True,0.9999999734565481,2.654345188091156e-08,True,0.9999999945697078,5.430292215891086e-09,True,0.9999990611567,9.388432999912766e-07,True,0.999999997552217,2.447783e-09,True,0.999999965674455,3.4325545e-08,6,True,0.9999990611567,0.9999998319537581,0.9999999993129209,06b56f0a7e0c4a561aadac1a1ef3cef60551f2d24c3924bf460311952453d61e,31,50,812e5130534155bfe3d39b0d5e0e844dc2b5cf94c60904d5f6406efb62eda9d7
XAI_0032,732,s0002/s0002_00733_0_0_0_0_0_01.png,s0002_00733_0_0_0_0_0_01.png,s0002,0,0,0,0,0,1,test,0,closed,True,0.9999999999999303,6.975156400818723e-14,True,0.9999999927833003,7.216699682288663e-09,True,0.9999999954390901,4.560909871997865e-09,True,0.9999998752366253,1.247633747425425e-07,True,0.99999990006672,9.993328e-08,True,0.99999997957357,2.042643e-08,6,True,0.9999998752366253,0.9999999571832059,0.9999999999999303,06c9aff53c0867078b81b495b93c4b1f0462a65ba0571102778c8076f32f011c,32,50,fcc962a284cf5a9881d5da375bb92f0b4440014d76f9957df306c656f35e6fbf
XAI_0033,917,s0002/s0002_00918_0_0_0_0_0_01.png,s0002_00918_0_0_0_0_0_01.png,s0002,0,0,0,0,0,1,test,0,closed,True,0.9999988860272424,1.1139727575937286e-06,True,0.9999999528524448,4.7147555193305386e-08,True,0.9999998969053152,1.0309468478908457e-07,True,0.9999983345383043,1.6654616956657264e-06,True,0.999999991882998,8.117002e-09,True,0.99999991432536,8.567464e-08,6,True,0.9999983345383043,0.9999994960886108,0.999999991882998,07e77fddc75b55f7800ba675eb0598eda616119a1ab4927d3c5ecd816c1c5940,33,50,736bf6beefad1ac7f65b76c27161a6d57fd82a6a6c675cb58125b43535c21ee8
XAI_0034,255,s0002/s0002_00256_0_0_0_0_0_01.png,s0002_00256_0_0_0_0_0_01.png,s0002,0,0,0,0,0,1,test,0,closed,True,0.9996379473886919,0.0003620526113081,True,0.9993577534914949,0.0006422465085051,True,0.999949545112031,5.04548879689537e-05,True,0.999998328960487,1.671039512984862e-06,True,0.99999943365987,5.6634013e-07,True,0.999999943637807,5.6362193e-08,6,True,0.9993577534914949,0.9998238253750635,0.999999943637807,07fd8f6d9030e2d07bbb3e198eaa6526909adf367fd87e43a2ce24c62e7ef396,34,50,e51318a47d236085fa8c04cd580df0b8cbeebb5a1a57a4f18a7456f3513413c4
XAI_0035,379,s0002/s0002_00380_0_0_0_0_1_01.png,s0002_00380_0_0_0_0_1_01.png,s0002,0,0,0,0,1,1,test,0,closed,True,0.9999842834949959,1.571650500409305e-05,True,0.9999997307017736,2.692982263852173e-07,True,0.9999999046077122,9.539228784660737e-08,True,0.9999151182491914,8.488175080856308e-05,True,0.9999989695009,1.0304991e-06,True,0.9999999130243,8.69757e-08,6,True,0.9999151182491914,0.9999829865964788,0.9999999130243,08159d63ec79d64a90c87713d678a8f770bdae28c57b3c989477f9e2ad77e014,35,50,bca45ef2bca9826bd339713179fa2b5a8586b8260edcdfab9e16b2254d5fc296
XAI_0036,1005,s0002/s0002_01006_0_0_0_0_0_01.png,s0002_01006_0_0_0_0_0_01.png,s0002,0,0,0,0,0,1,test,0,closed,True,0.9999987931765872,1.20682341275824e-06,True,0.9999992620088278,7.379911721727694e-07,True,0.9999981771384228,1.8228615772386547e-06,True,0.9999992276555076,7.723444923612988e-07,True,0.99999955746756,4.4253244e-07,True,0.9999989442904,1.0557096e-06,6,True,0.9999981771384228,0.9999989936228842,0.99999955746756,083fbddff9c5857db98a7e7b34813342f901041ae3b49cf663b6d060a4adfeba,36,50,c263ca95a7525120f6a2133b043e3a7600e57f5a6e7e57697efcf43cce743df0
XAI_0037,554,s0002/s0002_00555_0_0_0_0_0_01.png,s0002_00555_0_0_0_0_0_01.png,s0002,0,0,0,0,0,1,test,0,closed,True,0.9999994326694832,5.673305167874787e-07,True,0.9999813103822817,1.8689617718337104e-05,True,0.9999997518027044,2.4819729560476844e-07,True,0.9999992930343069,7.069656930980273e-07,True,0.9999995671227,4.328773e-07,True,0.99999972175743,2.7824257e-07,6,True,0.9999813103822817,0.9999965127948176,0.9999997518027044,086ef528ab6a96ffc58231a5897922bba3f4fbf391ca978a55e1078f4819273e,37,50,c88752dbf23604c04894ea32c9298437562b1d5983c8e4c68b976a1f848e164c
XAI_0038,548,s0002/s0002_00549_0_0_0_0_0_01.png,s0002_00549_0_0_0_0_0_01.png,s0002,0,0,0,0,0,1,test,0,closed,True,0.9999999999999999,1.0641446969923185e-16,True,0.9999999903507772,9.649222754148924e-09,True,0.9999999999843816,1.5618447507526056e-11,True,0.9999997405534202,2.594465797756129e-07,True,0.9999999982059088,1.7940912e-09,True,0.99999979258658,2.0741342e-07,6,True,0.9999997405534202,0.999999920280178,0.9999999999999999,0926b2910259d30f6bb851dcfabfc8117af7c0ba1cc86c1388c0189d706c96d3,38,50,d9ec2bf185113d03dde529abc729c6e33bc4923a4041cb1265396d865aa41544
XAI_0039,804,s0002/s0002_00805_0_0_0_0_0_01.png,s0002_00805_0_0_0_0_0_01.png,s0002,0,0,0,0,0,1,test,0,closed,True,0.9999999999999981,1.894852725314628e-15,True,0.9999999929991823,7.000817703328721e-09,True,0.9999999999999122,8.78601323097382e-14,True,0.9999998679322317,1.3206776827701108e-07,True,0.9999999999678553,3.2144738e-11,True,0.99999982566123,1.7433877e-07,6,True,0.99999982566123,0.9999999477600682,0.9999999999999981,0937e75a995d366ed3d6a9e2d95e3c861a3ea7bb53abdfd43851bb04237944a1,39,50,5712bbf42c287ddbeffc2a50ae472b780f1097a11581f1f98a991bd71b87b1d0
XAI_0040,260,s0002/s0002_00261_0_0_0_0_0_01.png,s0002_00261_0_0_0_0_0_01.png,s0002,0,0,0,0,0,1,test,0,closed,True,0.9999999999975059,2.494125565799532e-12,True,0.9999803198115842,1.968018841580488e-05,True,0.9999999999987517,1.248282835604464e-12,True,0.9999997378519083,2.6214809167868225e-07,True,0.9999998442326,1.557674e-07,True,0.9999933293434,6.6706566e-06,6,True,0.9999803198115842,0.9999955385392916,0.9999999999987517,09839e212d2b7f6f124adca0f2f65f530bf2b9ab9d008852ad85ef50c514e40e,40,50,a094279e15efb58650f1160083d37ebb509b1ffb6644b312871b54afbe8c6ab7
XAI_0041,67,s0002/s0002_00068_0_0_0_0_0_01.png,s0002_00068_0_0_0_0_0_01.png,s0002,0,0,0,0,0,1,test,0,closed,True,0.9999999999021499,9.785008914242609e-11,True,0.9999993469238007,6.5307619934174e-07,True,0.9999999942358229,5.764177135603177e-09,True,0.9999991614049577,8.385950422962196e-07,True,0.9999999984073186,1.5926814e-09,True,0.999999520459,4.79541e-07,6,True,0.9999991614049577,0.999999670222175,0.9999999999021499,0a37a16100694517847d3ca6fed9990356b8285dfa70addaa4cde6f4887232ee,41,50,fcfcf456fbfda306eb96a978f3fe9f7a98715db5b0e15609b26511c65a695432
XAI_0042,190,s0002/s0002_00191_0_0_0_0_0_01.png,s0002_00191_0_0_0_0_0_01.png,s0002,0,0,0,0,0,1,test,0,closed,True,1.0,1.7750211563303705e-19,True,0.9999999931618122,6.8381877937895305e-09,True,0.9999999999536147,4.6385374707913485e-11,True,0.9999998842193278,1.1578067216078125e-07,True,0.999999999889849,1.1015103e-10,True,0.999999981856355,1.8143645e-08,6,True,0.9999998842193278,0.9999999765134931,1.0,0a50c92b4ab4dbe5e231741ac19f04d9a1364175d3038c241c2a0816698a4b2a,42,50,57c409aba473c3c1b68ec7ea1852f76388a0e5d1dece38672d5f1b2d3d8494ce
XAI_0043,944,s0002/s0002_00945_0_0_0_0_0_01.png,s0002_00945_0_0_0_0_0_01.png,s0002,0,0,0,0,0,1,test,0,closed,True,0.9999999999999994,5.259768611797009e-16,True,0.9999986810702239,1.31892977606185e-06,True,0.9999999999689884,3.1011620355014806e-11,True,0.9999998634368268,1.365631732141992e-07,True,0.9999999973206761,2.6793239e-09,True,0.99999992211812,7.788188e-08,6,True,0.9999986810702239,0.9999997439858058,0.9999999999999994,0a75052c6add5838f3b7065276715a09ea39cfdd7031a54a53ebe844ca43026f,43,50,bd19c2857136138b1cabb44429e37b2b8f9042adbb7f89050cb58cd6f587b2bd
XAI_0044,632,s0002/s0002_00633_0_0_0_0_0_01.png,s0002_00633_0_0_0_0_0_01.png,s0002,0,0,0,0,0,1,test,0,closed,True,0.9999999999666093,3.3390703396696247e-11,True,0.9999992567722984,7.432277016050648e-07,True,0.9999999973626379,2.637362106483465e-09,True,0.999999785356934,2.1464306598772967e-07,True,0.99999991301036,8.698964e-08,True,0.99999984145217,1.5854783e-07,6,True,0.9999992567722984,0.9999997989868349,0.9999999999666093,0a87c09c3132c07f040f30262a05f45d859805b0d82570f70217c03cef3ab3d4,44,50,ee7f451e8274ef4cb9b534050db213d135bce602b678bc75e341c3ae4838362d
XAI_0045,198,s0002/s0002_00199_0_0_0_0_0_01.png,s0002_00199_0_0_0_0_0_01.png,s0002,0,0,0,0,0,1,test,0,closed,True,1.0,4.6203513146741697e-17,True,0.9999999764410656,2.355893435890266e-08,True,0.9999999999796154,2.0384598523048855e-11,True,0.99999984178055,1.582194499860634e-07,True,0.9999999994200182,5.799818e-10,True,0.999999970903774,2.9096226e-08,6,True,0.99999984178055,0.9999999647541706,1.0,0a9562bca4ccb41a56688666d90d0701aaacd8eb87d1e7780ee150a9f2b9c8ec,45,50,3e0bf4737a77e2976d570bef28b58c92a93ea8c0f09ea18e7b4c9dff2249ec36
XAI_0046,430,s0002/s0002_00431_0_0_0_0_0_01.png,s0002_00431_0_0_0_0_0_01.png,s0002,0,0,0,0,0,1,test,0,closed,True,0.9999999970339137,2.966086265487888e-09,True,0.9999999536934006,4.630659944382388e-08,True,0.999999748239162,2.51760837954862e-07,True,0.9999950377296045,4.962270395481028e-06,True,0.99999996302394,3.697606e-08,True,0.99999990544208,9.455792e-08,6,True,0.9999950377296045,0.9999991008603503,0.9999999970339137,0a9f924df9167c0cdc7a469779aa416e42b9c79bee45525cdaf71d6bf4bdf9e2,46,50,41cd7aa0dccfdc83beab6cc72ac6f2a0d749178c276aa697078f0d86bf29c093
XAI_0047,767,s0002/s0002_00768_0_0_0_0_0_01.png,s0002_00768_0_0_0_0_0_01.png,s0002,0,0,0,0,0,1,test,0,closed,True,0.9999999999999998,2.2536195652339357e-16,True,0.9998044325475349,0.0001955674524651,True,0.999999474263177,5.257368229649728e-07,True,0.9999996671378142,3.3286218581451976e-07,True,0.99999959694853,4.0305147e-07,True,0.9999984537329,1.5462671e-06,6,True,0.9998044325475349,0.9999669374383261,0.9999999999999998,0ab00883a97812310f15836d3c7e6b5a36d2c429f9e8f5a705543efb1408947e,47,50,1a6a1092b8551cbf5825a8a3153faa6256fad394c6c377a3039a14dfc1517e32
XAI_0048,861,s0002/s0002_00862_0_0_0_0_0_01.png,s0002_00862_0_0_0_0_0_01.png,s0002,0,0,0,0,0,1,test,0,closed,True,0.9999952314237817,4.768576218339149e-06,True,0.9997570561536123,0.0002429438463877,True,0.9998675403476228,0.0001324596523772,True,0.9999989153363913,1.0846636087080697e-06,True,0.99999987347549,1.2652451e-07,True,0.999999505048,4.94952e-07,6,True,0.9997570561536123,0.9999363536308162,0.99999987347549,0b472bf88827a1a13eb6599e7e1d9a051d68efde01b9eed408c8280ff3e0061a,48,50,8513fae9c861a21e84ccd8600ab5982623f2ea17a07d59a7dab6ae3eb698bc3f
XAI_0049,448,s0002/s0002_00449_0_0_0_0_0_01.png,s0002_00449_0_0_0_0_0_01.png,s0002,0,0,0,0,0,1,test,0,closed,True,0.9999999999901374,9.862576033636827e-12,True,0.9999979379781507,2.062021849269513e-06,True,0.9999999958561459,4.143854148708215e-09,True,0.9999975725434069,2.4274565930682e-06,True,0.999999987500301,1.2499699e-08,True,0.99999993687097,6.312903e-08,6,True,0.9999975725434069,0.9999992384565187,0.9999999999901374,0b64d676883acf885a5e02a3fef88e1d19cd5d695f26120d87897a3361d2987a,49,50,4587d6c3b838c77f4dedca4e5f49c756b9927bfb7a770bbd2c8638ad53dce360
XAI_0050,722,s0002/s0002_00723_0_0_0_0_0_01.png,s0002_00723_0_0_0_0_0_01.png,s0002,0,0,0,0,0,1,test,0,closed,True,0.9999996910015625,3.089984375037602e-07,True,0.9999956095098241,4.390490175865125e-06,True,0.9999976522069574,2.347793042645208e-06,True,0.9999971277177337,2.8722822662530234e-06,True,0.999999984237007,1.5762993e-08,True,0.9999987359402,1.2640598e-06,6,True,0.9999956095098241,0.9999981334355476,0.999999984237007,0bb0153b6b6edee707b279982d4c48e20e21e22fc7a56a8148302e860b8a08c0,50,50,dfc31f74bd178a349485114ff5027aba822deae4dd87359a80f5f37de891eab2
XAI_0051,1369,s0008/s0008_00256_0_1_0_0_0_01.png,s0008_00256_0_1_0_0_0_01.png,s0008,0,0,1,0,0,1,test,0,closed,True,0.9999882230868025,1.1776913197536489e-05,True,0.9999997175029307,2.824970692927309e-07,True,0.9988185075344518,0.0011814924655482,True,0.9999992156717212,7.843282787689532e-07,True,0.999999981155927,1.8844073e-08,True,0.9999960124287,3.9875713e-06,6,True,0.9988185075344518,0.9998002762300889,0.999999981155927,002e57b99609e846a17cff8096c02b1ad12ffd8d075f2bf7aba24886321dfd08,1,50,e111ae0d6c5209bd4ecdb52fd2298c092d39c3e610153d03725479fc72220fa6
XAI_0052,1293,s0008/s0008_00180_0_1_0_1_0_01.png,s0008_00180_0_1_0_1_0_01.png,s0008,0,0,1,1,0,1,test,0,closed,True,0.999999999999999,1.000904528936043e-15,True,0.9999999997441148,2.5588517416075263e-10,True,0.999983968136803,1.6031863196985796e-05,True,0.9999995519551419,4.4804485810345806e-07,True,0.9999999998123571,1.8764287e-10,True,0.9999994169976,5.830024e-07,6,True,0.999983968136803,0.9999971561076694,0.999999999999999,00705845d3119305bd5bc40c77e7eec849501631d3cffee8d9674bdcb89bf0e0,2,50,f2e76f4e58c493ae6312902e95c5de891f27874b1f4d843ed0a458f09089cb8e
XAI_0053,1657,s0008/s0008_00544_0_1_0_0_0_01.png,s0008_00544_0_1_0_0_0_01.png,s0008,0,0,1,0,0,1,test,0,closed,True,0.9999999999999931,6.8327949804506276e-15,True,0.9999999709821399,2.9017860114777253e-08,True,0.9999999827728221,1.7227177906420366e-08,True,0.9999996968318499,3.031681501397543e-07,True,0.9999999996977266,3.022734e-10,True,0.999987712869,1.2287131e-05,6,True,0.999987712869,0.9999978938589219,0.9999999999999931,00a1e2d830ec8df51c9727d6fae010247ec2c516fc48dff448273f46345f66b1,3,50,cd2a9d688bcb6ca401fbe9f831f47837d271b6b84d1b79e28109338572ec0b65
XAI_0054,1846,s0008/s0008_00733_0_1_0_0_0_01.png,s0008_00733_0_1_0_0_0_01.png,s0008,0,0,1,0,0,1,test,0,closed,True,0.9980398193001748,0.0019601806998252,True,0.999675838102121,0.000324161897879,True,0.997843686491251,0.002156313508749,True,0.9999527049112658,4.729508873424493e-05,True,0.999210388,0.000789612,True,0.9994588722,0.0005411278,6,True,0.997843686491251,0.9990302181674687,0.9999527049112658,00d8e1f60235bee150582060dba9708d9562c4cb55c57bdbd39d45b66a4d88d7,4,50,8bbcc4526fa9808b8b1e433fdc81affd221d87e85719a0d40e21f28544bdda7a
XAI_0055,1632,s0008/s0008_00519_0_1_0_0_0_01.png,s0008_00519_0_1_0_0_0_01.png,s0008,0,0,1,0,0,1,test,0,closed,True,0.9999994765090605,5.234909394857823e-07,True,0.9999752191197331,2.4780880266916935e-05,True,0.9999990156088643,9.84391135716578e-07,True,0.9999993662098632,6.337901368169696e-07,True,0.999999986590216,1.3409784e-08,True,0.999941740527,5.8259473e-05,6,True,0.999941740527,0.9999858007607897,0.999999986590216,017523892be11ea097c0cb82ce9ecc78ebd6757fabc849cea3fb27bf31d750ba,5,50,cb53dde4bd0c89a9950495730ccb1eac62db2454e6149e80c1b39d37e6f64fc4
XAI_0056,1149,s0008/s0008_00036_0_1_0_0_0_01.png,s0008_00036_0_1_0_0_0_01.png,s0008,0,0,1,0,0,1,test,0,closed,True,0.9999999985224267,1.477573285946221e-09,True,0.9999999424454238,5.7554576216034554e-08,True,0.9999999999908343,9.165619652140578e-12,True,0.9999960665122671,3.933487732865615e-06,True,0.99999973312114,2.6687886e-07,True,0.99999992915183,7.084817e-08,6,True,0.9999960665122671,0.9999992782906536,0.9999999999908343,0231750f426a9087f4d6786e4f6100ed07d0c520eb247dcdfcf49ff973bb55d5,6,50,c22e240d1adfc40ef9b26d0cee6617c1a40fcc68db840eb13445fc56015f7614
XAI_0057,1118,s0008/s0008_00005_0_1_0_0_0_01.png,s0008_00005_0_1_0_0_0_01.png,s0008,0,0,1,0,0,1,test,0,closed,True,0.983854839578271,0.016145160421729,True,0.9999752561489004,2.4743851099628955e-05,True,0.9956490001641214,0.0043509998358786,True,0.9999832803150639,1.6719684936106205e-05,True,0.99911866477,0.00088133523,True,0.995184947,0.004815053,6,True,0.983854839578271,0.9956276646627261,0.9999832803150639,02d43facbe5d524ba07ba8923944efef419dd8c76f5bd21dda8c0f42b8ba94bf,7,50,9fac44d01a61cc68b8526a9779bf67c80b8409fe149e5adfa1838637b6057b6c
XAI_0058,1777,s0008/s0008_00664_0_1_0_1_0_01.png,s0008_00664_0_1_0_1_0_01.png,s0008,0,0,1,1,0,1,test,0,closed,True,0.9999999835712412,1.6428758797815135e-08,True,0.9999991259410308,8.740589692024514e-07,True,0.999999998911181,1.088819034933408e-09,True,0.999999698258506,3.0174149401318573e-07,True,0.99999991057199,8.942801e-08,True,0.9999963243463,3.6756537e-06,6,True,0.9999963243463,0.9999991736000416,0.999999998911181,036fc4076c83e81908b490afa42f48564d4776bd63edb4bb1d3b1a91a88b7121,8,50,b137daf5df5c61d541a54ab261cb008c77985f26c5dee7222fde28b1d46959e4
XAI_0059,1725,s0008/s0008_00612_0_1_0_0_0_01.png,s0008_00612_0_1_0_0_0_01.png,s0008,0,0,1,0,0,1,test,0,closed,True,0.9999999997971956,2.0280443990827732e-10,True,0.9999999872524539,1.274754612978768e-08,True,0.9999955550142658,4.444985734153306e-06,True,0.9999999516080855,4.8391914475587334e-08,True,0.99999935148304,6.4851696e-07,True,0.999973154892,2.6845108e-05,6,True,0.999973154892,0.9999946666745069,0.9999999997971956,04078f86fabf7203c4a2787319fd6a5188624bb8bad385e1b9a16277e1a6d1dc,9,50,20850ac49223b7ae2f8fb4d19e6f60725a0c81c36d5181241250a3ac1e91df47
XAI_0060,1879,s0008/s0008_00766_0_1_0_0_0_01.png,s0008_00766_0_1_0_0_0_01.png,s0008,0,0,1,0,0,1,test,0,closed,True,0.9999999997876524,2.1234758396104778e-10,True,0.9999999796751577,2.0324842253671704e-08,True,0.9999985415809078,1.458419092159602e-06,True,0.9999998989147727,1.0108522729979087e-07,True,0.9999999999899933,1.0006622e-11,True,0.9999991279725,8.720275e-07,6,True,0.9999985415809078,0.9999995913201641,0.9999999999899933,0417e6041b8322aa1a0c21819bb15abe231b794fef482402d2062e3775702857,10,50,ec3526b4c187b976035077541179ea75b3c25832a6ff8ae12ec17f414e5988ad
XAI_0061,1278,s0008/s0008_00165_0_1_0_2_0_01.png,s0008_00165_0_1_0_2_0_01.png,s0008,0,0,1,2,0,1,test,0,closed,True,0.9999999999986989,1.3011122127620789e-12,True,0.9999979198546498,2.080145350191742e-06,True,0.9999999909291164,9.070883599804349e-09,True,0.9999990189115806,9.810884193939271e-07,True,0.9999999999566626,4.333748e-11,True,0.9999967576587,3.2423413e-06,6,True,0.9999967576587,0.9999989478849013,0.9999999999986989,04549db13799a6047e882c85bc9754563373ef696e21a102a8791cce6b30f8e4,11,50,8cad8e084897592834fa3783184a8d07cc11bceaedf8f9a4627003d67796b66d
XAI_0062,1829,s0008/s0008_00716_0_1_0_1_0_01.png,s0008_00716_0_1_0_1_0_01.png,s0008,0,0,1,1,0,1,test,0,closed,True,0.9999732774449512,2.6722555048763752e-05,True,0.9999952137918626,4.78620813737507e-06,True,0.9999997324351,2.6756490001389466e-07,True,0.9999998294065335,1.7059346646419726e-07,True,0.9999999998648129,1.351871e-10,True,0.9999989025004,1.0974996e-06,6,True,0.9999732774449512,0.9999944925739435,0.9999999998648129,05002b85fc6d13b5babb03785f873d8150d4c95177dca303d76dfe5f35f4e9aa,12,50,88619bc96f6d6572ac654870ae348a791c015342e67500cd54e8348f00041f73
XAI_0063,1231,s0008/s0008_00118_0_1_0_1_0_01.png,s0008_00118_0_1_0_1_0_01.png,s0008,0,0,1,1,0,1,test,0,closed,True,0.9999999996776229,3.2237715275051926e-10,True,0.9999998082259083,1.9177409171788892e-07,True,0.9999978789733177,2.1210266822890844e-06,True,0.9999989831516132,1.0168483868255862e-06,True,0.9999992133083,7.866917e-07,True,0.999973173499,2.6826501e-05,6,True,0.999973173499,0.9999948428059603,0.9999999996776229,0526ae992f06d54d5238993adb00bee1060878eef7fe8f0088f31375824fa233,13,50,2903e192457cd436740c01be9e482721128702d14d408f6a20d1912d48aa09f9
XAI_0064,1356,s0008/s0008_00243_0_1_0_0_0_01.png,s0008_00243_0_1_0_0_0_01.png,s0008,0,0,1,0,0,1,test,0,closed,True,0.9999999943712181,5.62878188503646e-09,True,0.9999999553153351,4.468466485718636e-08,True,0.9996809193398803,0.0003190806601196,True,0.9999946466009533,5.353399046725826e-06,True,0.99999996256852,3.743148e-08,True,0.9999985165077,1.4834923e-06,6,True,0.9996809193398803,0.9999456657839345,0.9999999943712181,059bbc9a483379aded4a38924eaaf96131c5423b8bd85da7f0f465c2126c5afb,14,50,858438087c3061fc2e3454f3d6c6ff1de8163cdd9694cf1d1de1b84b608f6443
XAI_0065,1751,s0008/s0008_00638_0_1_0_1_0_01.png,s0008_00638_0_1_0_1_0_01.png,s0008,0,0,1,1,0,1,test,0,closed,True,0.999999709936958,2.9006304202994215e-07,True,0.9999733980912424,2.660190875758417e-05,True,0.9999253174682963,7.468253170372918e-05,True,0.9999757222049084,2.4277795091620646e-05,True,0.992786105,0.007213895,True,0.9997946102,0.0002053898,6,True,0.992786105,0.9987424771502343,0.999999709936958,069e2a11b0b721e59d124790928e28461b7fa341968d9853b0774a2fb5dc29c2,15,50,9586587c360666963d4afa1fa50a85a6c000107d400a3c240b681a1e860f0463
XAI_0066,1873,s0008/s0008_00760_0_1_0_0_0_01.png,s0008_00760_0_1_0_0_0_01.png,s0008,0,0,1,0,0,1,test,0,closed,True,0.9999998639504355,1.3604956450308237e-07,True,0.999999997787667,2.2123329834755623e-09,True,0.9999998567426616,1.4325733843634225e-07,True,0.9999998028335995,1.9716640053957238e-07,True,0.999999996888834,3.111166e-09,True,0.9999993626482,6.373518e-07,6,True,0.9999993626482,0.9999998134752329,0.999999997787667,070aa92803c376769a8110fe548ab4de435ce970b15ccefc92cef3d95dfea0e9,16,50,de6b21052b78a770ba34d6ae5afb079f9cf62be7aa6ac9dfbb07060e5e110df2
XAI_0067,1564,s0008/s0008_00451_0_1_0_0_0_01.png,s0008_00451_0_1_0_0_0_01.png,s0008,0,0,1,0,0,1,test,0,closed,True,0.983302015811205,0.016697984188795,True,0.997385940514505,0.002614059485495,True,0.9999913269393801,8.673060619912576e-06,True,0.9997529153479264,0.0002470846520736,True,0.9949361477,0.0050638523,True,0.90609017,0.09390983,6,True,0.90609017,0.9802430860521693,0.9999913269393801,0776de87ef80a959841ee3216bbaf15003721b7009099c02b2f5be8a06869889,17,50,fa021e8c0f7705025b82ab05b2560dcd6c8dcadbf0dbe7388abe06961609e866
XAI_0068,1618,s0008/s0008_00505_0_1_0_0_0_01.png,s0008_00505_0_1_0_0_0_01.png,s0008,0,0,1,0,0,1,test,0,closed,True,0.999999999997394,2.6060353961604443e-12,True,0.9999999919041338,8.095866199653301e-09,True,0.9999982265878771,1.7734121229295852e-06,True,0.9999996979527452,3.02047254763238e-07,True,0.9999999981876114,1.8123886e-09,True,0.999958408698,4.1591302e-05,6,True,0.999958408698,0.999992720554627,0.999999999997394,0854c603474c04eba4148ff84fdebe15c20b7667c33fe1a5ea3cd3ac2050bb4b,18,50,803b93735f1383f195e4682244c9a838056d8d96ff1572f19f1507c07d5ff6e1
XAI_0069,1383,s0008/s0008_00270_0_1_0_0_0_01.png,s0008_00270_0_1_0_0_0_01.png,s0008,0,0,1,0,0,1,test,0,closed,True,0.9998755238630112,0.0001244761369889,True,0.999999785847649,2.14152350963559e-07,True,0.9999079747867654,9.202521323459224e-05,True,0.9999980782188231,1.921781176861259e-06,True,0.9999992585012,7.414988e-07,True,0.999985254931,1.4745069e-05,6,True,0.9998755238630112,0.9999609793580747,0.999999785847649,0858d1daa07b42fc493550b48fc1949e98dadf4154f682af7ef3d971dbb61322,19,50,7d5dc90cd56bedff03e1a821e48ad16d63f847023e82f1c46c6ff26d4b9594d3
XAI_0070,1940,s0008/s0008_00827_0_1_0_0_0_01.png,s0008_00827_0_1_0_0_0_01.png,s0008,0,0,1,0,0,1,test,0,closed,True,0.9070384576916695,0.0929615423083305,True,0.7873987257480621,0.2126012742519378,True,0.9992034897441044,0.0007965102558955,True,0.7290652990341187,0.2709347009658813,True,0.9990752919,0.0009247081,True,0.65449888,0.34550112,6,True,0.65449888,0.8460466906863258,0.9992034897441044,08a6d527f6b48fa75803c921192a0865aa7c7e8f56295eaa29c08ebb43614648,20,50,7f6957ffec2a30619acde544c5343e9ab66905a2ac7ec209ee5aef3e693ef76e
XAI_0071,1245,s0008/s0008_00132_0_1_0_1_0_01.png,s0008_00132_0_1_0_1_0_01.png,s0008,0,0,1,1,0,1,test,0,closed,True,0.9999999999893846,1.0615446022210762e-11,True,0.9999999467929506,5.32070494330128e-08,True,0.9999995923114398,4.076885602444236e-07,True,0.999999563637715,4.36362284972347e-07,True,0.999999984499908,1.5500092e-08,True,0.999986184385,1.3815615e-05,6,True,0.999986184385,0.9999975452693995,0.9999999999893846,08bc2a77a48b61bbcb1ab92ea66b5a53ed4df63db6f64bb696dd6e840959f757,21,50,413d46ad3ccbd72bca3f6b22d62e871410daf23938c3546537feaafdebb417e3
XAI_0072,1560,s0008/s0008_00447_0_1_0_0_0_01.png,s0008_00447_0_1_0_0_0_01.png,s0008,0,0,1,0,0,1,test,0,closed,True,0.9999930877197585,6.91228024152224e-06,True,0.999980796032105,1.9203967895009555e-05,True,0.9999953581441332,4.641855866793776e-06,True,0.9999994456505306,5.543494694393303e-07,True,0.99999993959779,6.040221e-08,True,0.997445885,0.002554115,6,True,0.997445885,0.9995690853573862,0.99999993959779,08c86bd33f88d9f27856e3749f1610f0c4217dc97e0a40fd4a0e02e190977cd8,22,50,ad79d55215ae8df8bbd5411f0293b493a84d91d50efeae96142b98bbd1494e4c
XAI_0073,1667,s0008/s0008_00554_0_1_0_0_0_01.png,s0008_00554_0_1_0_0_0_01.png,s0008,0,0,1,0,0,1,test,0,closed,True,0.9999999999963984,3.601597102151355e-12,True,0.9999995405560469,4.594439531047101e-07,True,0.9999999383385259,6.166147414887746e-08,True,0.9999995155045553,4.844954446525662e-07,True,0.9999999998759355,1.2406459e-10,True,0.9999970959605,2.9040395e-06,6,True,0.9999970959605,0.9999993483719937,0.9999999999963984,08ce84272f918938e3d30e502e1fed9f375597e763520de1a96a2fbd32784b79,23,50,7990f2e2eb7aa067930309e7043de06e37ed2ee929471b7fc49168634f1c1614
XAI_0074,1674,s0008/s0008_00561_0_1_0_0_0_01.png,s0008_00561_0_1_0_0_0_01.png,s0008,0,0,1,0,0,1,test,0,closed,True,0.9999999999943474,5.652603819045199e-12,True,0.9999999878833048,1.2116695202735173e-08,True,0.9999958715566208,4.128443379158853e-06,True,0.9999989016323525,1.0983676475007087e-06,True,0.99999998074706,1.925294e-08,True,0.999999973970343,2.6029657e-08,6,True,0.9999958715566208,0.9999991192973382,0.9999999999943474,08de0c90c02dba7fdc627ec6257f8518c51f8c67a7296574a874aee5727d116f,24,50,09fb6dcfe861bab4f429774b784c0a020d9c3253eaf56dc6a8b04f7d6ac930d5
XAI_0075,1782,s0008/s0008_00669_0_1_0_1_0_01.png,s0008_00669_0_1_0_1_0_01.png,s0008,0,0,1,1,0,1,test,0,closed,True,0.9999987198085591,1.2801914408555604e-06,True,0.9999999446816545,5.531834545990933e-08,True,0.9999999993594741,6.405257990671487e-10,True,0.999998618008135,1.3819918649460303e-06,True,0.9999972602757,2.7397243e-06,True,0.99999977757297,2.2242703e-07,6,True,0.9999972602757,0.9999990532844155,0.9999999993594741,0925f041a713ca73a5c651cf4426dbdc1ef58146269aab59d4ed1fa5bd992fd0,25,50,3185a42a3adcc5cd53d544e6fbb946883d44f15688d6a52a54d3067a5868fb39
XAI_0076,1201,s0008/s0008_00088_0_1_0_0_0_01.png,s0008_00088_0_1_0_0_0_01.png,s0008,0,0,1,0,0,1,test,0,closed,True,0.9999999999975695,2.4304547090181483e-12,True,0.9999998757666333,1.2423336670508436e-07,True,0.9999999985425377,1.457462261988951e-09,True,0.9999993079171645,6.920828354850528e-07,True,0.9999999927594208,7.2405792e-09,True,0.999989433097,1.0566903e-05,6,True,0.999989433097,0.9999981013467211,0.9999999999975695,09bf98caebf8a06f7cc349af2ea387aefe4c508086df38b00806dae5c600d9b4,26,50,2f207284a1cb3c9eb516e0e191dbc2aaee22f9e5c4ab5da443279a092dc19c31
XAI_0077,1218,s0008/s0008_00105_0_1_0_0_0_01.png,s0008_00105_0_1_0_0_0_01.png,s0008,0,0,1,0,0,1,test,0,closed,True,0.9997771444468527,0.0002228555531473,True,0.999998272403559,1.7275964410146116e-06,True,0.9999966828579545,3.317142045489163e-06,True,0.9999997672108236,2.327891763798107e-07,True,0.99999991198731,8.801269e-08,True,0.9988646798,0.0011353202,6,True,0.9988646798,0.99977274311775,0.99999991198731,09cb3d0b37f8f7b039ce0694accb388d1cdf41161b2ad97ff3d53cd715ad3d6a,27,50,099bf27ec4ec7f198fa49868ba663bcb48c3078c0c7e3f33d16dbf77f9bbe762
XAI_0078,1767,s0008/s0008_00654_0_1_0_2_0_01.png,s0008_00654_0_1_0_2_0_01.png,s0008,0,0,1,2,0,1,test,0,closed,True,0.9999693079589633,3.069204103667289e-05,True,0.9999820167904545,1.7983209545491263e-05,True,0.9991215730551631,0.0008784269448369,True,0.9999890481303737,1.0951869626296684e-05,True,0.99997338609,2.661391e-05,True,0.999972673999,2.7326001e-05,6,True,0.9991215730551631,0.9998346676706591,0.9999890481303737,0a14d3fad10278ec273b0996af9629c02a92efe049640c49a4c6ff553c6350c0,28,50,7bf3ef8868b1af3f08902fe98b325d64d697c1e6c96ba6bebf8dd92f5ed00f18
XAI_0079,1642,s0008/s0008_00529_0_1_0_0_0_01.png,s0008_00529_0_1_0_0_0_01.png,s0008,0,0,1,0,0,1,test,0,closed,True,0.9999999998903454,1.0965464647405554e-10,True,0.9999869021785344,1.3097821465635208e-05,True,0.999999006749249,9.932507509802235e-07,True,0.9999996680855929,3.319144070701441e-07,True,0.999999992935669,7.064331e-09,True,0.999981456107,1.8543893e-05,6,True,0.999981456107,0.9999945043243984,0.9999999998903454,0a3906c687b3ad78f0fee94cd9008d6af467c09ba1442686820f694918b545bc,29,50,66f2a6ac4537dccc76b418cc4fd4b3f4cfb7e6d231d3abee0895419a58b5167f
XAI_0080,1496,s0008/s0008_00383_0_1_0_1_0_01.png,s0008_00383_0_1_0_1_0_01.png,s0008,0,0,1,1,0,1,test,0,closed,True,0.9999984451342243,1.5548657756880857e-06,True,0.9999481743143406,5.182568565942347e-05,True,0.9998213977669366,0.0001786022330634,True,0.9999103410955286,8.965890447143465e-05,True,0.999993739601,6.260399e-06,True,0.99958709782,0.00041290218,6,True,0.99958709782,0.999876532622005,0.9999984451342243,0a4c2810d9d4e7d54243c832a1de46f1c1ce4f6197d09affbb8e2ef66909521d,30,50,33ba00566855fff8f68aed4d46199c81f9b57bc1d5f97587c25f4fa5a7066789
XAI_0081,1781,s0008/s0008_00668_0_1_0_1_0_01.png,s0008_00668_0_1_0_1_0_01.png,s0008,0,0,1,1,0,1,test,0,closed,True,0.9999999999999809,1.910130616232606e-14,True,0.9999999590243647,4.0975635329232325e-08,True,0.9999999996425118,3.5748817794889476e-10,True,0.9999990385772435,9.614227565180045e-07,True,0.999999996632882,3.367118e-09,True,0.9999955033263,4.4966737e-06,6,True,0.9999955033263,0.9999990828672138,0.9999999999999809,0af710daba705819f612116b2ef887b6990070c5fbe2d9123710f20ecd8d28ad,31,50,097e2cdd0baa5d38461249e6f026aef64a46eee335e0bfa286f231cf3e595837
XAI_0082,1541,s0008/s0008_00428_0_1_0_0_0_01.png,s0008_00428_0_1_0_0_0_01.png,s0008,0,0,1,0,0,1,test,0,closed,True,0.9999989940909018,1.0059090982394991e-06,True,0.999999995299147,4.700853040162656e-09,True,0.9999999016794447,9.832055525293981e-08,True,0.9999991346894035,8.653105965095165e-07,True,0.999999928622174,7.1377826e-08,True,0.9974238172,0.0025761828,6,True,0.9974238172,0.9995702952635117,0.999999995299147,0b69d5ece59941314962752c05938e43e8bd9ca1dee7139f721aa353190ddd14,32,50,c0047784274a74d6fb40a4dc31d8042f15310ea4894470c1bf6005b4b9bd8720
XAI_0083,1514,s0008/s0008_00401_0_1_0_1_0_01.png,s0008_00401_0_1_0_1_0_01.png,s0008,0,0,1,1,0,1,test,0,closed,True,0.9999999999115323,8.846765681136404e-11,True,0.9999999950776619,4.922338092683276e-09,True,0.9999669148492103,3.308515078970231e-05,True,0.9999995835625555,4.1643744452812825e-07,True,0.9999999998384754,1.6152457e-10,True,0.9999998337669,1.662331e-07,6,True,0.9999669148492103,0.9999943878343892,0.9999999999115323,0c115b8c8f13d49c6a6524f6c4709852412886cd35f2dd5c8152acca2d9901a1,33,50,50625dd63aaa64a365415189b6e4968c99d23e65d6833a5fbaff23a9d62804d5
XAI_0084,1904,s0008/s0008_00791_0_1_0_0_0_01.png,s0008_00791_0_1_0_0_0_01.png,s0008,0,0,1,0,0,1,test,0,closed,True,0.9940697797574103,0.0059302202425897,True,0.9999267414605129,7.325853948714212e-05,True,0.9878622088581324,0.0121377911418676,True,0.999968943404383,3.1056595616973937e-05,True,0.99999980600346,1.9399654e-07,True,0.979035368,0.020964632,6,True,0.979035368,0.9934771412473165,0.99999980600346,0c68bb852c0463e667d26b35e243006e98ac6b456ddf7b12a02d369e2f03d9d0,34,50,c4be88cd8806ee8999da086b4e2adbb5acfb9b0551319289732ee55d2445db44
XAI_0085,1749,s0008/s0008_00636_0_1_0_1_0_01.png,s0008_00636_0_1_0_1_0_01.png,s0008,0,0,1,1,0,1,test,0,closed,True,0.9999994117320625,5.882679374735744e-07,True,0.9999780119578645,2.1988042135490105e-05,True,0.9995661920111161,0.0004338079888839,True,0.9999990722679968,9.277320032197168e-07,True,0.99999849707,1.50293e-06,True,0.99993567506,6.432494e-05,6,True,0.9995661920111161,0.9999128100165066,0.9999994117320625,0c6ad6e1576f824fe7434c81c67d81f0a55098cb18114774aa97f52e5586aca2,35,50,3c9b9264ad85750e6db44552fb97211a1c80c78c3548367eb21870a68838410d
XAI_0086,1664,s0008/s0008_00551_0_1_0_0_0_01.png,s0008_00551_0_1_0_0_0_01.png,s0008,0,0,1,0,0,1,test,0,closed,True,0.999999999999856,1.4398092364632106e-13,True,0.9999998074217018,1.9257829819707695e-07,True,0.9999999987376944,1.262305593385804e-09,True,0.999999917422798,8.257720196525042e-08,True,0.999999999534675,4.6532497e-10,True,0.9999999861547755,1.38452245e-08,6,True,0.9999998074217018,0.9999999515452501,0.999999999999856,0c8fd60242991c49de564adf0f26b208738ef71c96f089d33571f4692c46743e,36,50,c54244e08f16c55bf486fc178008ec173a44376fb714713373521ab2e39515ab
XAI_0087,1746,s0008/s0008_00633_0_1_0_1_0_01.png,s0008_00633_0_1_0_1_0_01.png,s0008,0,0,1,1,0,1,test,0,closed,True,0.9999999998668128,1.3318719738197868e-10,True,0.9999988021547779,1.1978452221228508e-06,True,0.9999999388635246,6.11364754377064e-08,True,0.9999998198053959,1.8019460412688207e-07,True,0.999999974666023,2.5333977e-08,True,0.99983894189,0.00016105811,6,True,0.99983894189,0.9999729128744224,0.9999999998668128,0cbe35b8727413e55f8453187ff38262610852e8c8fdf390f7757bce3cae973c,37,50,6e7935ec942ec94540ac4d32a25a213678ed78945023c0244d85300cc7d75b7a
XAI_0088,1216,s0008/s0008_00103_0_1_0_0_0_01.png,s0008_00103_0_1_0_0_0_01.png,s0008,0,0,1,0,0,1,test,0,closed,True,0.9998107423889451,0.0001892576110549,True,0.9999954813420118,4.5186579882283695e-06,True,0.9996938012773172,0.0003061987226828,True,0.9999998305619329,1.694380671324325e-07,True,0.99999995029715,4.970285e-08,True,0.9998602563,0.0001397437,6,True,0.9996938012773172,0.9998933436945595,0.99999995029715,0e17de932e391b24cee25990058dda6a851caba046fa5f456dcd975a41699b77,38,50,7b784fb55c70024250f3f464f70471f81e7f92c640ba9f95bde010e26ae54d31
XAI_0089,1332,s0008/s0008_00219_0_1_0_0_0_01.png,s0008_00219_0_1_0_0_0_01.png,s0008,0,0,1,0,0,1,test,0,closed,True,0.9999999668958139,3.3104186059063074e-08,True,0.9999997087430756,2.912569243562757e-07,True,0.9999768105772091,2.3189422790892426e-05,True,0.9999979848594194,2.015140580624575e-06,True,0.999999973439685,2.6560315e-08,True,0.99984071915,0.00015928085,6,True,0.99984071915,0.9999691939442005,0.999999973439685,0e2e7146076cee948ad14b3f030483dd845d2f67288a67e885d4cb04ab3c0167,39,50,33126e588fe0fc63260a3762966bdd4a0a71ad19e27e576b3a44dad7abb60392
XAI_0090,1935,s0008/s0008_00822_0_1_0_0_0_01.png,s0008_00822_0_1_0_0_0_01.png,s0008,0,0,1,0,0,1,test,0,closed,True,0.9999999932037076,6.796292417732275e-09,True,0.9999999998907749,1.0922505955246463e-10,True,0.9999999951802288,4.819771248776305e-09,True,0.9999993455359686,6.544640314132266e-07,True,0.9999999997584438,2.415562e-10,True,0.999991551361,8.448639e-06,6,True,0.999991551361,0.9999984808216872,0.9999999998907749,0e58af20327923cc02adccb3494abbf57abbb4bfca675ecbad42afb01e512404,40,50,06178f5c7810bb5a2316d4eb5207b8a79fb1ef5714490f6670de3172f3264440
XAI_0091,1297,s0008/s0008_00184_0_1_0_1_0_01.png,s0008_00184_0_1_0_1_0_01.png,s0008,0,0,1,1,0,1,test,0,closed,True,1.0,1.9393047629236268e-17,True,0.999999978384901,2.161509904397008e-08,True,0.9999988875304098,1.1124695902253734e-06,True,0.9999995940661961,4.0593380390419043e-07,True,0.999999997582275,2.417725e-09,True,0.99999967194,3.2806e-07,6,True,0.9999988875304098,0.9999996882506302,1.0,0ea1d4c150725fdc7a3a182395cd5b257e268a24cab6ba88b3b816e3b6138eba,41,50,4ba6c3a791d249454523ef0e7040f85292ab74c63f08015e416a88675c7ee09e
XAI_0092,1493,s0008/s0008_00380_0_1_0_1_0_01.png,s0008_00380_0_1_0_1_0_01.png,s0008,0,0,1,1,0,1,test,0,closed,True,0.9972442416474224,0.0027557583525776,True,0.9995814665162471,0.0004185334837529,True,0.9990119192516432,0.0009880807483568,True,0.9999639344678144,3.606553218560293e-05,True,0.999505157,0.000494843,True,0.999953726725,4.6273275e-05,6,True,0.9972442416474224,0.9992100742680212,0.9999639344678144,0f31e342450fc45924ec277f7a8ce674bed2d69e634780d77d3eebcc9ec2534c,42,50,e0246299ef6b885370962f46681750e6d057f7f91cef76a5443538f10fc82b38
XAI_0093,1892,s0008/s0008_00779_0_1_0_0_0_01.png,s0008_00779_0_1_0_0_0_01.png,s0008,0,0,1,0,0,1,test,0,closed,True,0.9999999999278424,7.215756464562517e-11,True,0.9999999979078449,2.0921551158181732e-09,True,0.999995561686319,4.4383136810211e-06,True,0.9999926621430859,7.33785691409139e-06,True,0.999999992429893,7.570107e-09,True,0.99999991666618,8.333382e-08,6,True,0.9999926621430859,0.9999980217935276,0.9999999999278424,0f8cb70f2970bc26e14dcceb54a7bf84702829929fbc1bd13c29607a62e4d377,43,50,eb2fbc81bcb1d876d618b5c0cd04d2166e6107e04fac6ce652a43ddac62fb3dc
XAI_0094,1132,s0008/s0008_00019_0_1_0_0_0_01.png,s0008_00019_0_1_0_0_0_01.png,s0008,0,0,1,0,0,1,test,0,closed,True,0.9999972089692619,2.7910307380807357e-06,True,0.9999999296436215,7.035637850094646e-08,True,0.9999944815317576,5.518468242371455e-06,True,0.9999990835676726,9.16432327358052e-07,True,0.9999997350419,2.649581e-07,True,0.9999993144886,6.855114e-07,6,True,0.9999944815317576,0.9999982922071357,0.9999999296436215,0f931b1d4b6f88560e3e67d489e95245356de02851b32b78c58a245fd5fa1a73,44,50,1b6ddca7585f7691f6d942394d4841617056c0149e1570f1666f9b1d4b85806a
XAI_0095,1314,s0008/s0008_00201_0_1_0_0_0_01.png,s0008_00201_0_1_0_0_0_01.png,s0008,0,0,1,0,0,1,test,0,closed,True,0.9999997247172416,2.75282758366302e-07,True,0.9999999996744896,3.2551036865946514e-10,True,0.9999999970542892,2.9457107864061527e-09,True,0.9999998225513025,1.7744869751368244e-07,True,0.9999999997393947,2.606053e-10,True,0.9996171437,0.0003828563,6,True,0.9996171437,0.9999361145727863,0.9999999997393947,110064d0da06c81cc085fd8e9f12698e055068ea88ca4228dbfaee459e4d7a0f,45,50,c2b21a2583d6e30fcfeba03e633ab739fe6db068bd673a3a7f93a3fd22c81437
XAI_0096,1121,s0008/s0008_00008_0_1_0_0_0_01.png,s0008_00008_0_1_0_0_0_01.png,s0008,0,0,1,0,0,1,test,0,closed,True,0.9999999968432138,3.156786165803282e-09,True,0.9999999999008289,9.917115045832148e-11,True,0.999998725398882,1.2746011179842751e-06,True,0.9999992708890773,7.291109227480774e-07,True,0.99999306929,6.93071e-06,True,0.99999780415,2.19585e-06,6,True,0.99999306929,0.9999981444120003,0.9999999999008289,111d21e679797aaea8b5022a6996ab65455bde281325c1a2ded7e815951e4ddc,46,50,f7bfbc7fdb9c8403a7bee19ec4479317027887492544f461985067d39636b4d6
XAI_0097,1333,s0008/s0008_00220_0_1_0_0_0_01.png,s0008_00220_0_1_0_0_0_01.png,s0008,0,0,1,0,0,1,test,0,closed,True,0.9999999455819584,5.441804162842345e-08,True,0.9999782899340062,2.171006599382963e-05,True,0.9999851387619856,1.4861238014418632e-05,True,0.9999950391966195,4.960803380527068e-06,True,0.9999977173766,2.2826234e-06,True,0.9977473628,0.0022526372,6,True,0.9977473628,0.9996172489418617,0.9999999455819584,111eac91a82bada2fdeb0c26cb9aba37085eec297f6f2372046ed7eee6658fc8,47,50,66c79b33f4f54d33ec727a4e12817649ff3e7c9d52d53f8e86cda3ce1ddb4d90
XAI_0098,1287,s0008/s0008_00174_0_1_0_1_0_01.png,s0008_00174_0_1_0_1_0_01.png,s0008,0,0,1,1,0,1,test,0,closed,True,0.9999999999963441,3.655845157851667e-12,True,0.9999999981992717,1.8007283442145192e-09,True,0.9999998145090245,1.854909754683831e-07,True,0.9999984466888918,1.5533111081822426e-06,True,0.999999974799133,2.5200867e-08,True,0.999999884253995,1.15746005e-07,6,True,0.9999984466888918,0.9999996864077767,0.9999999999963441,11e28b8e76e8f12e0c3aeb30506a2c637c6399c6b8915799009e8aadff8d7aad,48,50,4ed7d393445d5b1de62f920da0d17876cc372d124f1dfd4c7d165ed3a320969d
XAI_0099,1444,s0008/s0008_00331_0_1_0_0_0_01.png,s0008_00331_0_1_0_0_0_01.png,s0008,0,0,1,0,0,1,test,0,closed,True,0.9999999868032008,1.3196799208969878e-08,True,0.9999988534588056,1.1465411944300286e-06,True,0.9998889860144118,0.0001110139855882,True,0.9999985572352443,1.4427647556658485e-06,True,0.999945705455,5.4294545e-05,True,0.99999965410115,3.4589885e-07,6,True,0.9998889860144118,0.9999719571779687,0.9999999868032008,1234e3d67d1910ea64bb3913445ce6e925a4d5d80f51f314a5ca42f26b174a80,49,50,4c23e96105e4c3d8b64b22cf25db441a6fba8738f09658f60880a40f49e6920e
XAI_0100,1472,s0008/s0008_00359_0_1_0_1_0_01.png,s0008_00359_0_1_0_1_0_01.png,s0008,0,0,1,1,0,1,test,0,closed,True,0.9999936121676001,6.387832399923354e-06,True,0.9999523738406424,4.76261593576055e-05,True,0.9999982835970513,1.716402948659379e-06,True,0.9997184725943953,0.0002815274056047,True,0.9998615405,0.0001384595,True,0.991225853,0.008774147,6,True,0.991225853,0.998458355949948,0.9999982835970513,1258ab772540860f882f33348333655b1ce06eb62413f3c0dec6effdc9694df6,50,50,320698d2a247ca6cc41f9e7730c65377a55b9e1e5e2443d3cfb5cc399e271a48
XAI_0101,2438,s0015/s0015_00493_0_0_0_0_1_01.png,s0015_00493_0_0_0_0_1_01.png,s0015,0,0,0,0,1,1,test,0,closed,True,0.9999997575794737,2.4242052631962e-07,True,0.9999985724969065,1.4275030935095856e-06,True,0.990061366930604,0.009938633069396,True,0.9996557288977784,0.0003442711022216,True,0.9999986971297,1.3028703e-06,True,0.99979641082,0.00020358918,6,True,0.990061366930604,0.9982517556424105,0.9999997575794737,0021fd5aec2e5e64dc86ff422febac28bdc27f69cddb50f367a77e1dfd73c888,1,50,4f6ad672a7a184621d4ace0aaedd03dfb8a91ba6bac9cabcbfa29274cc73e8a0
XAI_0102,2399,s0015/s0015_00454_0_0_0_0_1_01.png,s0015_00454_0_0_0_0_1_01.png,s0015,0,0,0,0,1,1,test,0,closed,True,0.9999996648539309,3.351460691192188e-07,True,0.9999691654156777,3.083458432229236e-05,True,0.9998437030444621,0.0001562969555379,True,0.9915971448644996,0.0084028551355004,True,0.999903069445,9.6930555e-05,True,0.99904944113,0.00095055887,6,True,0.9915971448644996,0.9983936981255951,0.9999996648539309,003fe84905dfa1bf1ebb9f13833a8e3765cda953c122d9b334a42420c6e8667a,2,50,488193b852b1d005a9ef5e9b1005fb7f606f8444645b31a89eb4f4c37947b7e1
XAI_0103,1992,s0015/s0015_00047_0_0_0_0_1_01.png,s0015_00047_0_0_0_0_1_01.png,s0015,0,0,0,0,1,1,test,0,closed,True,0.9999966930790833,3.3069209166569635e-06,True,0.9999981314176694,1.8685823306441307e-06,True,0.9999979315416567,2.06845834327396e-06,True,0.999982413064572,1.7586935427971184e-05,True,0.99999992121225,7.878775e-08,True,0.999984423353,1.5576647e-05,6,True,0.999982413064572,0.9999932522780387,0.99999992121225,009833c179b1102de5d181658fbdf8c1f66703918c0c93d1df76a59bf5077538,3,50,2a9517db7bfb8565b9ff1e80bb5adb1b3b3d5d4a0d027a4801f02b27c7eef5af
XAI_0104,2141,s0015/s0015_00196_0_0_0_0_1_01.png,s0015_00196_0_0_0_0_1_01.png,s0015,0,0,0,0,1,1,test,0,closed,True,0.9999999950288263,4.971173694912068e-09,True,0.9999981831782634,1.8168217366110184e-06,True,0.9995940119551961,0.0004059880448039,True,0.9941297718323768,0.0058702281676232,True,0.9999955671597,4.4328403e-06,True,0.9999967407782,3.2592218e-06,6,True,0.9941297718323768,0.9989523783220937,0.9999999950288263,00b83a242452ba601628c061ca39429940f722545431c46a5e9e89423b869466,4,50,bb41077f8a7d71ff34f2ede7bc6af08d8cedbeb0d45ea1ec76c0b64f2c4d886e
XAI_0105,2457,s0015/s0015_00512_0_0_0_0_1_01.png,s0015_00512_0_0_0_0_1_01.png,s0015,0,0,0,0,1,1,test,0,closed,True,0.9999968305467064,3.1694532935944157e-06,True,0.9999863723978706,1.3627602129417936e-05,True,0.988948829472065,0.011051170527935,True,0.9991159733035602,0.0008840266964398,True,0.9999979885458,2.0114542e-06,True,0.999985783333,1.4216667e-05,6,True,0.988948829472065,0.9980052962665004,0.9999979885458,01645d1f77b953ef96db67a5767ece2d82637ba06c5f4b2afc81bbb25b468098,5,50,913c42cbd45317846bc8c356bdab917cdd8449892f035cdceee7b050c7930a38
XAI_0106,2554,s0015/s0015_00609_0_0_0_0_1_01.png,s0015_00609_0_0_0_0_1_01.png,s0015,0,0,0,0,1,1,test,0,closed,True,0.9999807473850524,1.9252614947617985e-05,True,0.9999974878548983,2.512145101718488e-06,True,0.9999996017034789,3.982965210980183e-07,True,0.9999878885855651,1.2111414434912147e-05,True,0.99999978783231,2.1216769e-07,True,0.9999983562977,1.6437023e-06,6,True,0.9999807473850524,0.9999939782765009,0.99999978783231,0183f5f55d8b33cf3236a39d3ab493ec21b62d7e1e44f0d557919ea69b4815f3,6,50,5b99c0f472cc0782f4a07d3336b5868c22a52296d2be7fd050b3c7268abd41ee
XAI_0107,2118,s0015/s0015_00173_0_0_0_0_1_01.png,s0015_00173_0_0_0_0_1_01.png,s0015,0,0,0,0,1,1,test,0,closed,True,0.9964952543377877,0.0035047456622123,True,0.9999999887663469,1.1233653118836172e-08,True,0.9999255695729516,7.443042704835534e-05,True,0.9995612600760069,0.0004387399239931,True,0.9999976294516,2.3705484e-06,True,0.999977684334,2.2315666e-05,6,True,0.9964952543377877,0.9993262310897822,0.9999999887663469,0196e8b12cd427a1f74b20413f23726ae9416de2cf1beccfe622bd0d9ade49fa,7,50,f1611fa8c25e228a72c85135226fe17a36d3a13ae62162d1b09c276d65b2e118
XAI_0108,2623,s0015/s0015_00678_0_0_0_0_1_01.png,s0015_00678_0_0_0_0_1_01.png,s0015,0,0,0,0,1,1,test,0,closed,True,0.9999999914288127,8.571187315453699e-09,True,0.9999999913714683,8.628531666943218e-09,True,0.9999998899473113,1.1005268873987006e-07,True,0.9994739019311965,0.0005260980688035,True,0.9999943901203,5.6098797e-06,True,0.9999949637795,5.0362205e-06,6,True,0.9994739019311965,0.9999105214297647,0.9999999914288127,01c18b28edbaac33b989dd181a896e1f80151a0d116ec2135e4a7df88c93ae7b,8,50,ad6ba7d317a781c303917531dfad25d01989931595d1b8bf0226ec0b6ddc185a
XAI_0109,2538,s0015/s0015_00593_0_0_0_0_1_01.png,s0015_00593_0_0_0_0_1_01.png,s0015,0,0,0,0,1,1,test,0,closed,True,0.9999999993356561,6.64343857703642e-10,True,0.9999964138689847,3.586131015254068e-06,True,0.9999977922107064,2.2077892936067656e-06,True,0.9999850916619835,1.4908338016539346e-05,True,0.99999972908202,2.7091798e-07,True,0.9999973768884,2.6231116e-06,6,True,0.9999850916619835,0.999996067174625,0.9999999993356561,01cec8961111bd7078dcfd1ed870df078f6e8b9aafb3802e2043f8ed85d0f587,9,50,d4a57b3dd3f87ba70643893c9dbf4d0996ea8e612911dbd6b335ad183396605b
XAI_0110,2262,s0015/s0015_00317_0_0_0_0_1_01.png,s0015_00317_0_0_0_0_1_01.png,s0015,0,0,0,0,1,1,test,0,closed,True,0.9999999998238707,1.7612931946242583e-10,True,0.9999999999847945,1.520551740075149e-11,True,0.9999968228598846,3.1771401154401246e-06,True,0.9999995625427118,4.374572881715722e-07,True,0.999999997993616,2.006384e-09,True,0.999998051753,1.948247e-06,6,True,0.9999968228598846,0.9999990724929795,0.9999999999847945,0200dcced302589a65db6df08954756f15cd026f21209fe7ce2fe7d65f10b5e9,10,50,9ad66e8d9f7020c28282ef4afdbb0848344c41e6a2aea126e12f202fd075c132
XAI_0111,2025,s0015/s0015_00080_0_0_0_0_1_01.png,s0015_00080_0_0_0_0_1_01.png,s0015,0,0,0,0,1,1,test,0,closed,True,0.9999999022413704,9.77586296357913e-08,True,0.9999999807010287,1.9298971309922308e-08,True,0.9999965506260651,3.44937393492728e-06,True,0.9999931376642053,6.86233579472173e-06,True,0.99999993451463,6.548537e-08,True,0.999998351321,1.648679e-06,6,True,0.9999931376642053,0.99999797617805,0.9999999807010287,0225094a4cf8eef9e594a8d8b39ff536cac21fc2c473f19373a296d7b641f56a,11,50,9da9a319a77be310dbe3226de2ea910b7f72c3394c09ff2f4e2d9f6e0a30daee
XAI_0112,2183,s0015/s0015_00238_0_0_0_0_1_01.png,s0015_00238_0_0_0_0_1_01.png,s0015,0,0,0,0,1,1,test,0,closed,True,0.9999987920710964,1.207928903568245e-06,True,0.9999995953926373,4.046073627250736e-07,True,0.9999271496853908,7.285031460924074e-05,True,0.999966856870742,3.314312925795093e-05,True,0.999999977611353,2.2388647e-08,True,0.999941578124,5.8421876e-05,6,True,0.9999271496853908,0.9999723249592032,0.999999977611353,031760ea6dd02a0071c4c0005b904b3f198b9b8610b3d74fde5ee7ddc191aa3d,12,50,a4aab0d3aa218d85f00082d5ba7dd144adc5c78cc0ad7c2e852399154b1b56df
XAI_0113,2727,s0015/s0015_00782_0_0_0_0_1_01.png,s0015_00782_0_0_0_0_1_01.png,s0015,0,0,0,0,1,1,test,0,closed,True,0.999999998552373,1.4476270182584015e-09,True,0.9999929750238152,7.024976184766274e-06,True,0.9968338434118778,0.0031661565881222,True,0.9948175074532629,0.0051824925467371,True,0.99999933682096,6.6317904e-07,True,0.999878093295,0.000121906705,6,True,0.9948175074532629,0.9985869590928815,0.999999998552373,0332e3fcb4f842791c07d28d478c054f1e21894773aa35d370c52de08d6fe539,13,50,7593a110ac5351fc116d15ab222a465684aaa479e0bb79e147c0c13b2598ce2f
XAI_0114,2173,s0015/s0015_00228_0_0_0_0_1_01.png,s0015_00228_0_0_0_0_1_01.png,s0015,0,0,0,0,1,1,test,0,closed,True,0.9999995905045296,4.094954704214615e-07,True,0.9999999856817015,1.4318298546811548e-08,True,0.9999956135279717,4.386472028272692e-06,True,0.9999823261532583,1.7673846741672605e-05,True,0.99999996921229,3.078771e-08,True,0.999977447134,2.2552866e-05,6,True,0.999977447134,0.9999924887022918,0.9999999856817015,03538f139e981712229f9a36768a189dbc35e87734883b507a22b613d0dc2229,14,50,d74348e7231237b7ceead3af752e2cf4925cfdfcd082b0c62be9b9835771e070
XAI_0115,2633,s0015/s0015_00688_0_0_0_0_1_01.png,s0015_00688_0_0_0_0_1_01.png,s0015,0,0,0,0,1,1,test,0,closed,True,0.9999745474378869,2.5452562113059685e-05,True,0.9999999964618353,3.538164650151998e-09,True,0.9999892280548011,1.0771945198939648e-05,True,0.9999785098079883,2.1490192011697214e-05,True,0.999999995418339,4.581661e-09,True,0.99993296736,6.703264e-05,6,True,0.99993296736,0.9999792074234751,0.9999999964618353,036ac1c17b1a0ba17e13790658c6ccd0c367b653587468dd6083791e89dd7023,15,50,477813fff12697a1b85c4aab5b921373cdfd6f86a0ea58e7a9986a28b9762641
XAI_0116,2100,s0015/s0015_00155_0_0_0_0_1_01.png,s0015_00155_0_0_0_0_1_01.png,s0015,0,0,0,0,1,1,test,0,closed,True,0.9999999984598288,1.540171212788266e-09,True,0.9999999638280954,3.61719045827158e-08,True,0.9999973403660078,2.6596339921525214e-06,True,0.9999875589846852,1.2441015314834658e-05,True,0.99999987297568,1.2702432e-07,True,0.9999983220234,1.6779766e-06,6,True,0.9999875589846852,0.9999971761062829,0.9999999984598288,03cb04f4119f243bbf460e639df4e8a81c1c3ff22bb51a807f384ffef58c2139,16,50,a817f436054c8112b727b04b53ed9b02df137aad970e221fd8c83d7f0328edad
XAI_0117,2189,s0015/s0015_00244_0_0_0_0_1_01.png,s0015_00244_0_0_0_0_1_01.png,s0015,0,0,0,0,1,1,test,0,closed,True,0.999997248411546,2.7515884539752733e-06,True,0.999999990592567,9.407433054775538e-09,True,0.9998989063169575,0.0001010936830425,True,0.9999929801406324,7.0198593675741e-06,True,0.99999982604422,1.7395578e-07,True,0.999987182382,1.2817618e-05,6,True,0.9998989063169575,0.9999793556479872,0.999999990592567,042184d9104ba2f5873c4ab319a947be2f59aaf01ea718ec3fcc5aa19f7cc6d2,17,50,9b0243a6162270b69d5a74b6c477e4be50fc8d0c10982233bb428596abe43881
XAI_0118,2547,s0015/s0015_00602_0_0_0_0_1_01.png,s0015_00602_0_0_0_0_1_01.png,s0015,0,0,0,0,1,1,test,0,closed,True,0.9999999986874774,1.3125226461241366e-09,True,0.9999998912798631,1.0872013689322557e-07,True,0.9999755533681309,2.444663186906837e-05,True,0.9999972598157001,2.7401842999097425e-06,True,0.99999988040145,1.1959855e-07,True,0.99999985866677,1.4133323e-07,6,True,0.9999755533681309,0.9999954070365652,0.9999999986874774,04f8a0776842366a55c6e1427ff80e2c9bd7083e2beea86ab682bde1a5decadb,18,50,00b9cd18faef934d938f6da045fefb5e3a4bace4d194232f00b94d00e0df50a0
XAI_0119,1982,s0015/s0015_00037_0_0_0_0_1_01.png,s0015_00037_0_0_0_0_1_01.png,s0015,0,0,0,0,1,1,test,0,closed,True,0.9999999997421758,2.578242341844117e-10,True,0.9999986557236298,1.344276370218722e-06,True,0.9996293340227567,0.0003706659772433,True,0.9999971855470449,2.814452955135493e-06,True,0.9999986932299,1.3067701e-06,True,0.99994582539,5.417461e-05,6,True,0.9996293340227567,0.9999282822759179,0.9999999997421758,04fbd77c9bfff0462852a6578bbdcc1fda9e5b98e909c104d87ef8d08e623251,19,50,720b6762008998cd1005a8c271ad0ea7ef333ee20d0701069139779e5784cb93
XAI_0120,1972,s0015/s0015_00027_0_0_0_0_1_01.png,s0015_00027_0_0_0_0_1_01.png,s0015,0,0,0,0,1,1,test,0,closed,True,0.9999999940933861,5.906613864681276e-09,True,0.9999915524967946,8.447503205388784e-06,True,0.9994090592954308,0.0005909407045692,True,0.999886018667894,0.000113981332106,True,0.99999990734879,9.265121e-08,True,0.999997027235,2.972765e-06,6,True,0.9994090592954308,0.9998805931895491,0.9999999940933861,05aca461a9a47c6373839689e7ee3a1139289138baef51dbe45cb0ed9facbca0,20,50,a8f464d5a6e7f2ccad040621e5ee6f22f5bfd6e848480b1798a59c15f60b6f0b
XAI_0121,2364,s0015/s0015_00419_0_0_0_0_1_01.png,s0015_00419_0_0_0_0_1_01.png,s0015,0,0,0,0,1,1,test,0,closed,True,0.9938538824208081,0.0061461175791919,True,0.9999998039408098,1.9605919021614682e-07,True,0.9589327238500119,0.0410672761499881,True,0.98584951646626,0.01415048353374,True,0.999963934537,3.6065463e-05,True,0.9997112598,0.0002887402,6,True,0.9589327238500119,0.9897185201691482,0.9999998039408098,05cb439d66a56ea839148a3bbd08411b71d26fbcc71f08f343ed134b1e518bb3,21,50,47eccb7707efae15e62fc2009c33bf087b6a8429ed1bd228bfbad279e3771184
XAI_0122,2096,s0015/s0015_00151_0_0_0_0_1_01.png,s0015_00151_0_0_0_0_1_01.png,s0015,0,0,0,0,1,1,test,0,closed,True,0.9999999767184686,2.328153136943456e-08,True,0.9999999447044381,5.5295561907087176e-08,True,0.9996622730977834,0.0003377269022166,True,0.9992049275897444,0.0007950724102556,True,0.9999987896497,1.2103503e-06,True,0.99999909352545,9.0647455e-07,6,True,0.9992049275897444,0.9998108342142641,0.9999999767184686,05db39836f3ab0e1db5376064f455dbeea9c461d01208e826df480d6a8340198,22,50,fe20fb49310c9acd7b27400142d5eccc7be1190ae819d09ea7e443767861fe14
XAI_0123,2435,s0015/s0015_00490_0_0_0_0_1_01.png,s0015_00490_0_0_0_0_1_01.png,s0015,0,0,0,0,1,1,test,0,closed,True,0.9999652680708095,3.473192919045687e-05,True,0.9999995094857468,4.90514253215224e-07,True,0.9967962056398392,0.0032037943601608,True,0.9995752164686565,0.0004247835313435,True,0.999998957474,1.042526e-06,True,0.99977104669,0.00022895331,6,True,0.9967962056398392,0.9993510339715087,0.9999995094857468,0620daa3b7cfb1b5d4daf1dbc44416074ece33e67ea43f27dc3f8433e96f195c,23,50,b5268123d1cc9c3304033ad3cbcd1c41cdc5c4409fa1b02297594a7513482f9f
XAI_0124,2513,s0015/s0015_00568_0_0_0_0_1_01.png,s0015_00568_0_0_0_0_1_01.png,s0015,0,0,0,0,1,1,test,0,closed,True,0.9999865977379159,1.340226208412787e-05,True,0.9999999975339877,2.4660122832642632e-09,True,0.9999998946991653,1.0530083471849141e-07,True,0.9999686404626118,3.135953738819808e-05,True,0.99999956738105,4.3261895e-07,True,0.99996093739,3.906261e-05,6,True,0.99996093739,0.9999859392007885,0.9999999975339877,06335aba5ede37f44e9c1aee7a40fcc2a92b92b63e457deb65cda1330f728ac1,24,50,f97e00b0ce4a931ec55bcc9d4fb4b9fc3c42d2b6fb69ef598711b4bd0dce734d
XAI_0125,2360,s0015/s0015_00415_0_0_0_0_1_01.png,s0015_00415_0_0_0_0_1_01.png,s0015,0,0,0,0,1,1,test,0,closed,True,0.993419916369021,0.006580083630979,True,0.9999999996885368,3.114631608180929e-10,True,0.9999560030082648,4.3996991735184565e-05,True,0.9998740382579854,0.0001259617420146,True,0.99999997874504,2.125496e-08,True,0.99988440684,0.00011559316,6,True,0.993419916369021,0.9988557238181413,0.9999999996885368,068db248c654c0a5486aca3ac8ccb126c19dfd0c05b9ae97651a3bd97fb1f610,25,50,e2a31b0a525a8b3854a78acb99ada0847165d775bb93ed0f2d7558bb26a35006
XAI_0126,1985,s0015/s0015_00040_0_0_0_0_1_01.png,s0015_00040_0_0_0_0_1_01.png,s0015,0,0,0,0,1,1,test,0,closed,True,0.9999955970147312,4.402985268825432e-06,True,0.9999999982962164,1.7037835586819483e-09,True,0.9999988441863934,1.1558136066014413e-06,True,0.9999620474627591,3.7952537240926176e-05,True,0.999999948360173,5.1639827e-08,True,0.99986102489,0.00013897511,6,True,0.99986102489,0.9999695767017123,0.9999999982962164,06afcc626218ae70069eb252065c2395f1cd756d8d388f0d1ea4b9b5b82886d0,26,50,c5a4ffb51a711ea6b65df9db70b48bf1eed87749fa73c7dc119178277de02518
XAI_0127,2079,s0015/s0015_00134_0_0_0_0_1_01.png,s0015_00134_0_0_0_0_1_01.png,s0015,0,0,0,0,1,1,test,0,closed,True,0.9999999991628056,8.371944248963813e-10,True,0.99999939265075,6.073492500036082e-07,True,0.9999711129767093,2.888702329073567e-05,True,0.9999912790735834,8.720926416572183e-06,True,0.99999971862923,2.8137077e-07,True,0.9999984186396,1.5813604e-06,6,True,0.9999711129767093,0.9999933201887797,0.9999999991628056,06de89935b30e4ec56be53ba7af1c26d0b5b08b8e3958890ab0ba8331cb48c47,27,50,c4aac7dcd9691f970cca098ffef60a9a305ea856b75c97bb382493de60841bf2
XAI_0128,2247,s0015/s0015_00302_0_0_0_0_1_01.png,s0015_00302_0_0_0_0_1_01.png,s0015,0,0,0,0,1,1,test,0,closed,True,0.9999999982882752,1.7117247619324871e-09,True,0.9999999896842011,1.0315798881777027e-08,True,0.9999407230352517,5.927696474827826e-05,True,0.99985767621547,0.0001423237845301,True,0.9999993140759,6.859241e-07,True,0.9999941279475,5.8720525e-06,6,True,0.99985767621547,0.9999653048744329,0.9999999982882752,06e1f37a06151207637d5b2c07bd192e971ffe2aeab5278f998f4227d8c698d8,28,50,71b9d539ba0dccc30a6bac5e2523531ab9e084c82e50cf49692fdc3638c27505
XAI_0129,1987,s0015/s0015_00042_0_0_0_0_1_01.png,s0015_00042_0_0_0_0_1_01.png,s0015,0,0,0,0,1,1,test,0,closed,True,0.9999999891882494,1.0811750605910221e-08,True,0.9999999737454175,2.625458250804513e-08,True,0.9999997903221214,2.0967787861536638e-07,True,0.9999874798340898,1.252016591024585e-05,True,0.9999991245712,8.754288e-07,True,0.999993834413,6.165587e-06,6,True,0.9999874798340898,0.9999966986790131,0.9999999891882494,07dcb3edfa2f74f788400074d9d9a50bef30aef5c2ba20e31d6c5498952ba143,29,50,e6bda76ceb268a23e518f303edcf6aedbb35882ab38a120714f3e7e1f4095788
XAI_0130,2488,s0015/s0015_00543_0_0_0_0_0_01.png,s0015_00543_0_0_0_0_0_01.png,s0015,0,0,0,0,0,1,test,0,closed,True,0.9999999183683528,8.163164721963767e-08,True,0.9999858902256165,1.4109774383541662e-05,True,0.999990395099303,9.604900697013363e-06,True,0.9999985791778272,1.4208221728040371e-06,True,0.9999975331762,2.4668238e-06,True,0.99981623575,0.00018376425,6,True,0.99981623575,0.9999647586328831,0.9999999183683528,081d5ce64296a296d05272372aa9556673e65bc5a46ae4de01e26b642d920786,30,50,0b9205e5fbea6065d41f7519ab5085b130b80637f0ec25d73f7a255d0c621da8
XAI_0131,2294,s0015/s0015_00349_0_0_0_0_0_01.png,s0015_00349_0_0_0_0_0_01.png,s0015,0,0,0,0,0,1,test,0,closed,True,0.990218484774232,0.009781515225768,True,0.999998409023533,1.5909764670141158e-06,True,0.9999089327830006,9.106721699936315e-05,True,0.9989775095600635,0.0010224904399365,True,0.9999987623771,1.2376229e-06,True,0.990769709,0.009230291,6,True,0.990218484774232,0.9966453012529882,0.9999987623771,08238805b50e9e69eff376037d46794820dfe81577bc84f74078738db882e004,31,50,a9ba68679939f250ad9c2310c90de113e284031b95348715099b6f38b95f698d
XAI_0132,2104,s0015/s0015_00159_0_0_0_0_1_01.png,s0015_00159_0_0_0_0_1_01.png,s0015,0,0,0,0,1,1,test,0,closed,True,0.9999815631417732,1.8436858226777986e-05,True,0.9999985056766718,1.4943233281883297e-06,True,0.9999999502747698,4.972523015567276e-08,True,0.9999870615847612,1.2938415238750167e-05,True,0.9999995189594,4.810406e-07,True,0.999978398953,2.1601047e-05,6,True,0.999978398953,0.999990833098396,0.9999999502747698,083694d027aae9a9be94606dc662075f798486cdad88b373c5462081cfca3478,32,50,25fb15261efbfc07c47677cd3396153e251dd85d2bb37522fb5403d831d89cf6
XAI_0133,2201,s0015/s0015_00256_0_0_0_0_1_01.png,s0015_00256_0_0_0_0_1_01.png,s0015,0,0,0,0,1,1,test,0,closed,True,0.9999992467036236,7.532963763878797e-07,True,0.9999999974429814,2.557018596860416e-09,True,0.9999902975760051,9.70242399489507e-06,True,0.9999912640832918,8.735916708246805e-06,True,0.999999984703996,1.5296004e-08,True,0.99999660974,3.39026e-06,6,True,0.9999902975760051,0.9999962333749831,0.9999999974429814,08819fc0fea6f87e880809532588256e6fb45c588ac9dec7e4e57a9b6b94931c,33,50,182e2ca8c01a236e2e0ba7fcf74335d43c29bf2d39500d76895e557ab4e5fdc2
XAI_0134,2081,s0015/s0015_00136_0_0_0_0_1_01.png,s0015_00136_0_0_0_0_1_01.png,s0015,0,0,0,0,1,1,test,0,closed,True,0.9999999885215116,1.1478488382010711e-08,True,0.9999920123273114,7.987672688614111e-06,True,0.9999993501817244,6.498182756331516e-07,True,0.9999930066142042,6.993385795794893e-06,True,0.999999946292114,5.3707886e-08,True,0.9999958571684,4.1428316e-06,6,True,0.9999920123273114,0.9999966935175442,0.9999999885215116,088d1fcce23be2df0909a665444c406a5e1f3dfc6a530a3da8181b5f5021c8c8,34,50,d6105651b4cb31c4c48a5475ef21af60b4df8fe5266d6712ca3d2bc828465cbe
XAI_0135,2196,s0015/s0015_00251_0_0_0_0_1_01.png,s0015_00251_0_0_0_0_1_01.png,s0015,0,0,0,0,1,1,test,0,closed,True,0.9999994968622445,5.03137755458738e-07,True,0.9999999907411361,9.258863897798621e-09,True,0.9999762816878501,2.3718312149867412e-05,True,0.9999611802959407,3.881970405927859e-05,True,0.999999950701525,4.9298475e-08,True,0.99993842226,6.157774e-05,6,True,0.99993842226,0.9999792204247827,0.9999999907411361,08e60554cad0106327ae4743f81f154c560e6393e62b33143e4a546bf368da7a,35,50,d09371601a387d75119506f03e92a3855481758e9ad73985363a198c185a73e9
XAI_0136,2122,s0015/s0015_00177_0_0_0_0_1_01.png,s0015_00177_0_0_0_0_1_01.png,s0015,0,0,0,0,1,1,test,0,closed,True,0.999812694193679,0.000187305806321,True,0.999999977438554,2.25614460447332e-08,True,0.9997391963552218,0.0002608036447782,True,0.9988940766779706,0.0011059233220294,True,0.999991563824,8.436176e-06,True,0.9942498812,0.0057501188,6,True,0.9942498812,0.9987812316149043,0.999999977438554,08ea98d0b427369a3593daafa84cf718b2c2ea0fec7403911f067adde887178d,36,50,0f66c865188194368d36d01e7ccbe9a3cb9f54bc8374363ef5750f98a8d10fc4
XAI_0137,2249,s0015/s0015_00304_0_0_0_0_1_01.png,s0015_00304_0_0_0_0_1_01.png,s0015,0,0,0,0,1,1,test,0,closed,True,0.9999987342055192,1.265794480787008e-06,True,0.9999999401995012,5.980049877507554e-08,True,0.9999820544126123,1.7945587387657724e-05,True,0.9966836837120355,0.0033163162879645,True,0.9999978590981,2.1409019e-06,True,0.99999943602916,5.6397084e-07,6,True,0.9966836837120355,0.9994436179428213,0.9999999401995012,092e59a2f8a39d13f6b4d88f2c3037bab53868bec4b8b7f35f3d3e839cadca11,37,50,88971be301d21c10eca8f776d4bbdb2bb639301d99aa10491ea61d2332758d30
XAI_0138,2598,s0015/s0015_00653_0_0_0_0_1_01.png,s0015_00653_0_0_0_0_1_01.png,s0015,0,0,0,0,1,1,test,0,closed,True,0.9999961753651405,3.824634859483922e-06,True,0.9999998462976265,1.537023734954346e-07,True,0.9946224833838642,0.0053775166161358,True,0.9995673101511784,0.0004326898488216,True,0.9999981019719,1.8980281e-06,True,0.99992450245,7.549755e-05,6,True,0.9946224833838642,0.9990180699366182,0.9999998462976265,09df70a9c4fcc42ddd0fdbf44f41c3d4f7aef67603efa29f26f07d7dbcab6587,38,50,0ee7f854ed330b13c72eb820056bf85e799dd0bd8582d9fe71cd384ebd4abeec
XAI_0139,2579,s0015/s0015_00634_0_0_0_0_1_01.png,s0015_00634_0_0_0_0_1_01.png,s0015,0,0,0,0,1,1,test,0,closed,True,0.999998122420152,1.8775798480419328e-06,True,0.9999675722901884,3.2427709811599925e-05,True,0.9999907024430286,9.29755697143264e-06,True,0.9999963827669944,3.617233005570597e-06,True,0.99999936014217,6.3985783e-07,True,0.999989564547,1.0435453e-05,6,True,0.9999675722901884,0.9999902841015889,0.99999936014217,0a62c48b6438261052ffbd38c7448177a1ddc61bfd08ee57ce91ae8fafe34016,39,50,21780fc8950dc3e4a296095d0071f968a478d551c9335783d56f34c78fc75c9e
XAI_0140,2103,s0015/s0015_00158_0_0_0_0_1_01.png,s0015_00158_0_0_0_0_1_01.png,s0015,0,0,0,0,1,1,test,0,closed,True,0.9999998323182808,1.6768171917647126e-07,True,0.9999999347731787,6.522682127751979e-08,True,0.999985562348229,1.4437651771004312e-05,True,0.9999758587673568,2.414123264316004e-05,True,0.9999999943826294,5.6173706e-09,True,0.99976892467,0.00023107533,6,True,0.99976892467,0.9999550178766125,0.9999999943826294,0aadc748caa1d86c819e00db1da6e79880cab4cad036f827b5bcbaaff7ac6e42,40,50,970da34d182d8f8835eea68605335d16a44724319fa35940a81a47de49308984
XAI_0141,2518,s0015/s0015_00573_0_0_0_0_1_01.png,s0015_00573_0_0_0_0_1_01.png,s0015,0,0,0,0,1,1,test,0,closed,True,0.9999998255173494,1.744826505500896e-07,True,0.999999978417323,2.1582676978937343e-08,True,0.9999999824274841,1.7572515886854493e-08,True,0.9999924832736724,7.51672632759437e-06,True,0.999995602537,4.397463e-06,True,0.9999981532469,1.8467531e-06,6,True,0.9999924832736724,0.9999976709032882,0.9999999824274841,0ab2308df83d15b143f5d909cc86803f3affd4936a7bc7d9264cd0a191fc8d7f,41,50,a996e487889cfae2e3ca8a99b3ec627f96f9a73890a0daaa10697aa9d0e8f4e4
XAI_0142,2543,s0015/s0015_00598_0_0_0_0_1_01.png,s0015_00598_0_0_0_0_1_01.png,s0015,0,0,0,0,1,1,test,0,closed,True,0.9999999827506283,1.7249371708771832e-08,True,0.9999999934851531,6.514846884186909e-09,True,0.9999867884826017,1.321151739830384e-05,True,0.9999969071034229,3.092896577072679e-06,True,0.99999909190484,9.0809516e-07,True,0.9999985733475,1.4266525e-06,6,True,0.9999867884826017,0.9999968895123575,0.9999999934851531,0b055339f76a732fb6a822ba9053a5fab77622133c5fffa8ad656a48feaa2e09,42,50,7db9a298c651486f8fb90d71259641ea84ddba3a4be86c3854a0d138493d4c61
XAI_0143,2357,s0015/s0015_00412_0_0_0_0_1_01.png,s0015_00412_0_0_0_0_1_01.png,s0015,0,0,0,0,1,1,test,0,closed,True,0.9996107315819245,0.0003892684180755,True,0.999999984618098,1.5381901974365064e-08,True,0.9968479285016656,0.0031520714983344,True,0.9972474006935955,0.0027525993064045,True,0.99979820775,0.00020179225,True,0.9984598971,0.0015401029,6,True,0.9968479285016656,0.9986606917075472,0.999999984618098,0b9c612708bdd52934af168cf243bce87ee6d28cf8f7344ff4f756b2c67ce3aa,43,50,078d8a5f411e0ff44547b2f3a4d805bfc63178420a0cad3bb24bd37621b519dd
XAI_0144,2567,s0015/s0015_00622_0_0_0_0_1_01.png,s0015_00622_0_0_0_0_1_01.png,s0015,0,0,0,0,1,1,test,0,closed,True,0.9999999983835454,1.6164546368102604e-09,True,0.9999999963606383,3.639361700891186e-09,True,0.9999778446635901,2.215533640992362e-05,True,0.9999982352461529,1.7647538470555446e-06,True,0.99999992682866,7.317134e-08,True,0.99999987848514,1.2151486e-07,6,True,0.9999778446635901,0.9999959799946211,0.9999999983835454,0bb2567b23cbb9144f84449902b0297bfdadc8b3001a8f816a264d6b12ca4892,44,50,90555da3c68ff7549f262e9dd451dc48de2703ae72d8b8857ad519c8b6239907
XAI_0145,2693,s0015/s0015_00748_0_0_0_0_0_01.png,s0015_00748_0_0_0_0_0_01.png,s0015,0,0,0,0,0,1,test,0,closed,True,0.9999976744306878,2.3255693122337107e-06,True,0.9999805190691404,1.948093085957225e-05,True,0.9999726775440649,2.732245593506377e-05,True,0.9999946004545563,5.399545443651732e-06,True,0.9999988830647,1.1169353e-06,True,0.99980771163,0.00019228837,6,True,0.99980771163,0.9999586776988583,0.9999988830647,0c0bc028a08289d885bf90c3ae4a3998271ac080a971847372cd4f8db0f7d031,45,50,741363291a6aff766a8c45086e1c8fd11a0b5ff0057e27be836227eed18744f4
XAI_0146,2452,s0015/s0015_00507_0_0_0_0_1_01.png,s0015_00507_0_0_0_0_1_01.png,s0015,0,0,0,0,1,1,test,0,closed,True,0.999999667865552,3.321344479445543e-07,True,0.9992570863105357,0.0007429136894643,True,0.9991051238030196,0.0008948761969804,True,0.9998009841365275,0.0001990158634725,True,0.999999493766,5.06234e-07,True,0.999992701087,7.298913e-06,6,True,0.9991051238030196,0.9996925094947723,0.999999667865552,0cb82ef8344f6c577e8ba03d651687e953f82c2ae0510c44a435a2eb0b5096c9,46,50,380789c5fe8e38db6489963c5f393f6f4c8c3d1436675409d1074a110ab7a25e
XAI_0147,2330,s0015/s0015_00385_0_0_0_0_1_01.png,s0015_00385_0_0_0_0_1_01.png,s0015,0,0,0,0,1,1,test,0,closed,True,0.9999999996886318,3.113681534827606e-10,True,0.9999999996621626,3.378373969464832e-10,True,0.9999587290403724,4.127095962758176e-05,True,0.9999821266756044,1.7873324395623058e-05,True,0.99999971221237,2.8778763e-07,True,0.9999964770882,3.5229118e-06,6,True,0.9999587290403724,0.9999895073945569,0.9999999996886318,0ce6d6822e66a2e870e4261dac5e936076168878fab5af4adbb5fb684889fb98,47,50,e00c72347566983967238fa2f517348ae37b08a6e08baed7157b815fe229a27d
XAI_0148,2029,s0015/s0015_00084_0_0_0_0_1_01.png,s0015_00084_0_0_0_0_1_01.png,s0015,0,0,0,0,1,1,test,0,closed,True,0.999999981159089,1.8840911053530366e-08,True,0.9999997912913017,2.0870869832378963e-07,True,0.9999998195921762,1.8040782379102893e-07,True,0.9999961287353472,3.87126465284382e-06,True,0.99999988687366,1.1312634e-07,True,0.999988717057,1.1282943e-05,6,True,0.999988717057,0.9999973874514289,0.999999981159089,0cee0d4f1e73653f2db01deb5e80eda086454b5e06cf94e57d5c3402c37561aa,48,50,48e4823d70a98f16fcc4c76d992203155eaf91f26358f6474933dec3c790d59d
XAI_0149,2544,s0015/s0015_00599_0_0_0_0_1_01.png,s0015_00599_0_0_0_0_1_01.png,s0015,0,0,0,0,1,1,test,0,closed,True,0.9999999969973301,3.0026698905061262e-09,True,0.9999995654102349,4.345897650637198e-07,True,0.9999990574372077,9.425627922610148e-07,True,0.9999985998456395,1.4001543604535982e-06,True,0.9999979056504,2.0943496e-06,True,0.9999972633964,2.7366036e-06,6,True,0.9999972633964,0.999998731456202,0.9999999969973301,0d32f54b98f4a693262e1f4e778cf7bc65d74520cfce3ed4e0c95dbfcb5d0854,49,50,b949739fd83b44f4ef2b891fb886d553713bc831cff8e11fc79207670c90cab5
XAI_0150,2688,s0015/s0015_00743_0_0_0_0_1_01.png,s0015_00743_0_0_0_0_1_01.png,s0015,0,0,0,0,1,1,test,0,closed,True,0.9999918712283034,8.128771696647163e-06,True,0.9999991679833329,8.32016667118296e-07,True,0.9908461458981038,0.0091538541018962,True,0.9998722241289216,0.0001277758710784,True,0.9999974922594,2.5077406e-06,True,0.999973504502,2.6495498e-05,6,True,0.9908461458981038,0.9984467343333435,0.9999991679833329,0d354d11d11177814cf27dfb0211c45b0a429c8902d248453e163c46665815a1,50,50,c212cdd9c694beeed409cdbaa2db7f3b6acdb2d5ad671344589a34534d2ff614
XAI_0151,3738,s0016/s0016_00661_1_0_0_0_1_01.png,s0016_00661_1_0_0_0_1_01.png,s0016,0,1,0,0,1,1,test,0,closed,True,0.9999675542239856,3.244577601435594e-05,True,0.99999831674711,1.6832528899612953e-06,True,0.9958978602662683,0.0041021397337317,True,0.9767663758248091,0.0232336241751909,True,0.89890975,0.10109025,True,0.99944511085,0.00055488915,6,True,0.89890975,0.9784974946520287,0.99999831674711,00184c35a6b88f2269f8752e29af3bf6a4a22dc19a94b19787db49617751299e,1,50,64abbf059bf7de39c24de764d973791031624aba1e5798bb413a2ba60ae0bf22
XAI_0152,3839,s0016/s0016_00762_1_0_0_0_1_01.png,s0016_00762_1_0_0_0_1_01.png,s0016,0,1,0,0,1,1,test,0,closed,True,0.9973006381187588,0.0026993618812412,True,0.9999991155003727,8.844996273182915e-07,True,0.9927183366380632,0.0072816633619368,True,0.9998382479680004,0.0001617520319996,True,0.99996371748,3.628252e-05,True,0.99964823824,0.00035176176,6,True,0.9927183366380632,0.9982447156575325,0.9999991155003727,0088eb97f795210f4c9057a116be880e4ad7f696715ae6be741c7d8754bfef9b,2,50,c9935c62b5527527db5c98ed71ff8f3a56cd94fd9cb09c69dbe4a1b15a868082
XAI_0153,4474,s0016/s0016_01397_1_0_0_1_1_01.png,s0016_01397_1_0_0_1_1_01.png,s0016,0,1,0,1,1,1,test,0,closed,True,0.999999698482867,3.015171330389421e-07,True,0.9999999913270345,8.672965456923976e-09,True,0.9999992971953588,7.028046411505784e-07,True,0.997836486203596,0.002163513796404,True,0.99989726806,0.00010273194,True,0.999993730687,6.269313e-06,6,True,0.997836486203596,0.9996210786593093,0.9999999913270345,00994bd1e2c6f49826490dd405345894026003e06c1cee2b0665cfd33ac11493,3,50,a06fc745ec6c1da2158adb1d95f0b4689329b1bbc9850b1131931bc738a03851
XAI_0154,4496,s0016/s0016_01419_1_0_0_0_1_01.png,s0016_01419_1_0_0_0_1_01.png,s0016,0,1,0,0,1,1,test,0,closed,True,0.9999871122818149,1.288771818508394e-05,True,0.9999999651393594,3.4860640596434684e-08,True,0.9996364217367955,0.0003635782632045,True,0.99977071552712,0.0002292844728799,True,0.996656737,0.003343263,True,0.9998484358,0.0001515642,6,True,0.996656737,0.9993165645808483,0.9999999651393594,00b04fd8ccc1e8785394ff83ede7c36514d3c461d31ec053d9839f9558061a35,4,50,502513a9b6bcd617e3c84fb3d30bace003c51950cd83c1b261f5e6eac783f8c5
XAI_0155,4046,s0016/s0016_00969_1_0_0_0_1_01.png,s0016_00969_1_0_0_0_1_01.png,s0016,0,1,0,0,1,1,test,0,closed,True,0.9999328630801756,6.71369198244065e-05,True,0.9999977362801928,2.263719807160669e-06,True,0.9639971256256104,0.0360028743743896,True,0.9872502805665136,0.0127497194334864,True,0.964625888,0.035374112,True,0.996818327,0.003181673,6,True,0.9639971256256104,0.9854370367587487,0.9999977362801928,00b5e62291499ebd731d5bcbc3d7ead32468a18523559981278f91a79342817a,5,50,7e95f3e4913829b66e7566a51ec3b727f1007d1dfb35134dda7fc97699156c1a
XAI_0156,3377,s0016/s0016_00300_1_0_0_1_1_01.png,s0016_00300_1_0_0_1_1_01.png,s0016,0,1,0,1,1,1,test,0,closed,True,0.9986336641013623,0.0013663358986377,True,0.9999991531221326,8.468778673886845e-07,True,0.9999942613080748,5.738691925216699e-06,True,0.9992574306670577,0.0007425693329423,True,0.999966580366,3.3419634e-05,True,0.99999015512,9.84488e-06,6,True,0.9986336641013623,0.9996402074474379,0.9999991531221326,00d54a87b5cb2163818dc8de38d15066b6dc16b6f2e1064cd4afba3f02eab32c,6,50,2c62a08eb29e52e260c9595caf6e303f8e48f59574d411a89631dfa68b023293
XAI_0157,4769,s0016/s0016_01692_1_0_0_0_1_01.png,s0016_01692_1_0_0_0_1_01.png,s0016,0,1,0,0,1,1,test,0,closed,True,0.999977631816364,2.2368183635990132e-05,True,0.9999969998705183,3.000129481733893e-06,True,0.9865602552890778,0.0134397447109222,True,0.9782946910709143,0.0217053089290857,True,0.97987627,0.02012373,True,0.98262304,0.01737696,6,True,0.9782946910709143,0.9878881480078124,0.9999969998705183,016da13585f118b9121a5a311c59460c572d3acd363563c0da049d4ac56f481b,7,50,9f6219b5c053aab1c8f0ca8342dec582a9e2ece46790720a6e85e9fdda4f4a14
XAI_0158,3597,s0016/s0016_00520_1_0_0_0_1_01.png,s0016_00520_1_0_0_0_1_01.png,s0016,0,1,0,0,1,1,test,0,closed,True,0.9999366435149568,6.33564850431867e-05,True,0.9999999753461672,2.4653832753074312e-08,True,0.992859828285873,0.007140171714127,True,0.9999838162311789,1.6183768821065314e-05,True,0.99941425235,0.00058574765,True,0.99982922529,0.00017077471,6,True,0.992859828285873,0.9986706235030294,0.9999999753461672,017c5f0d30b87c98ac57d6fdedc18052888c632703cf2d920201ecbe6e2d00e8,8,50,1778308ad24ba1cd9c3c5b5e9e49bae97f3d20e8bd5aa7afd2838fc42cb3e25c
XAI_0159,3091,s0016/s0016_00014_1_0_0_0_1_01.png,s0016_00014_1_0_0_0_1_01.png,s0016,0,1,0,0,1,1,test,0,closed,True,0.9998226907482604,0.0001773092517396,True,0.999999976736401,2.326359904714081e-08,True,0.9999357943233917,6.420567660825327e-05,True,0.9966476829722524,0.0033523170277476,True,0.99985779992,0.00014220008,True,0.999959572433,4.0427567e-05,6,True,0.9966476829722524,0.9993705861888843,0.999999976736401,0196a1330cd9191095276cc434dbc4f32ed53891b6fe14b8b739e5b487383783,9,50,cf40f63c2f4d319a1a37243ba4528145ce0dbbafb7b7f70dbf3555f268c5a428
XAI_0160,4576,s0016/s0016_01499_1_0_0_0_1_01.png,s0016_01499_1_0_0_0_1_01.png,s0016,0,1,0,0,1,1,test,0,closed,True,0.9999315904351533,6.840956484666094e-05,True,0.9999992219787259,7.780212740726711e-07,True,0.9944135756231846,0.0055864243768155,True,0.9808086790144444,0.0191913209855556,True,0.83637604,0.16362396,True,0.9995227504,0.0004772496,6,True,0.83637604,0.9685086429085846,0.9999992219787259,01acd7b80eb084dd3f05c90279fb4bc0fa6184b90e042d60d76380e3f79aa06b,10,50,8adaf01a993a26c811091f99e6992a3fd755728ab1f7ca4bbbfe018b0c00f378
XAI_0161,4367,s0016/s0016_01290_1_0_0_0_1_01.png,s0016_01290_1_0_0_0_1_01.png,s0016,0,1,0,0,1,1,test,0,closed,True,0.9990598590229638,0.0009401409770362,True,0.9999999484093927,5.159060734172272e-08,True,0.9999168285867199,8.317141328006983e-05,True,0.9996151475643275,0.0003848524356726,True,0.99995897832,4.102168e-05,True,0.999978864129,2.1135871e-05,6,True,0.9990598590229638,0.9997549376720674,0.9999999484093927,027236ea7bda5fbe5aa113d9bd798cbf224b3ae66faa857cfb5e0f61b9805868,11,50,2b14c413694843d8f8d47a1a83313bd5709b149c97fd65282db05cc332fe966b
XAI_0162,3700,s0016/s0016_00623_1_0_0_0_0_01.png,s0016_00623_1_0_0_0_0_01.png,s0016,0,1,0,0,0,1,test,0,closed,True,0.9998655085655628,0.0001344914344372,True,0.9999996673637668,3.3263623322454805e-07,True,0.9999968877764331,3.112223566859029e-06,True,0.9983437925111504,0.0016562074888497,True,0.999958027543,4.1972457e-05,True,0.99996520711,3.479289e-05,6,True,0.9983437925111504,0.9996881818116522,0.9999996673637668,028bf05bc21103b71fa1ee328ca600fa97c291946f7ee1494cbff64332ac0971,12,50,d844d0f3c7dce6128dcc1c3aee7c47b52a565d2e5af011f9ee291ac74d9cc79f
XAI_0163,3179,s0016/s0016_00102_1_0_0_0_1_01.png,s0016_00102_1_0_0_0_1_01.png,s0016,0,1,0,0,1,1,test,0,closed,True,0.9999311235951609,6.887640483910218e-05,True,0.9999926818500171,7.318149982893374e-06,True,0.9982045134529473,0.0017954865470528,True,0.982056399807334,0.017943600192666,True,0.982274571,0.017725429,True,0.997187236,0.002812764,6,True,0.982056399807334,0.9932744209509098,0.9999926818500171,029300d894e1829cb992890ce3e376fb50b44b8308630fbf0a161d1e68ca4e9a,13,50,9081a2497bf5a4809362a2050f7f5d91ccc342b6d01ec1c9c188f89c95124290
XAI_0164,3669,s0016/s0016_00592_1_0_0_0_1_01.png,s0016_00592_1_0_0_0_1_01.png,s0016,0,1,0,0,1,1,test,0,closed,True,0.9998597852536478,0.0001402147463522,True,0.9999605023040203,3.949769597966224e-05,True,0.8672870695590973,0.1327129304409027,True,0.9451103992760181,0.0548896007239818,True,0.998062907,0.001937093,True,0.9980984275,0.0019015725,6,True,0.8672870695590973,0.9680631818154639,0.9999605023040203,02c2740f8801f37ca99b2bbeed5ad3bcce56a06961a2323f3cd8dcae239d7272,14,50,90967837dea0fece8011c319e3e1a7ca29e5416867393ab6f80501cc535cc242
XAI_0165,3302,s0016/s0016_00225_1_0_0_0_1_01.png,s0016_00225_1_0_0_0_1_01.png,s0016,0,1,0,0,1,1,test,0,closed,True,0.9999985958380648,1.4041619351701229e-06,True,0.9999834222398931,1.6577760106883943e-05,True,0.9999913011934041,8.698806595930364e-06,True,0.9993734257877805,0.0006265742122195,True,0.9958741646,0.0041258354,True,0.999909313134,9.0686866e-05,6,True,0.9958741646,0.9991883704655238,0.9999985958380648,02d660f96fe06194737c7a2d0a29b7db11232887afa24bf7a63981afc23e6628,15,50,0b0f420424443108b49c63e4ac95ac377034a193048d33d8a9f6739b2e75b1c0
XAI_0166,3712,s0016/s0016_00635_1_0_0_0_1_01.png,s0016_00635_1_0_0_0_1_01.png,s0016,0,1,0,0,1,1,test,0,closed,True,0.9989692979725078,0.0010307020274922,True,0.999952700400172,4.729959982796572e-05,True,0.9522771500051022,0.0477228499948978,True,0.9684966616332531,0.0315033383667469,True,0.9957658397,0.0042341603,True,0.9994190163,0.0005809837,6,True,0.9522771500051022,0.9858134443351725,0.999952700400172,02e1d65255968cbd502aa97a32cad737f85d7c539962ee1431b3975cbdc96fe7,16,50,29e5130db1061877738e48bda9c027de34a8e7a393e5f2f4040039773396cf2a
XAI_0167,3510,s0016/s0016_00433_1_0_0_0_1_01.png,s0016_00433_1_0_0_0_1_01.png,s0016,0,1,0,0,1,1,test,0,closed,True,0.9999827944193385,1.720558066153899e-05,True,0.9999976662077188,2.333792281206115e-06,True,0.9711075797677041,0.0288924202322959,True,0.9890240002423525,0.0109759997576475,True,0.9941252125,0.0058747875,True,0.9909421,0.0090579,6,True,0.9711075797677041,0.9908632255228523,0.9999976662077188,02edbfb399aca27450661d5608ee9298ab831f305c8ef07dd82c6928b2aef134,17,50,58923ad8ac68f06e9925de988ce6bde6fb448a9daad71d45f4cb8588fd55090b
XAI_0168,4284,s0016/s0016_01207_1_0_0_0_1_01.png,s0016_01207_1_0_0_0_1_01.png,s0016,0,1,0,0,1,1,test,0,closed,True,0.9999992417173189,7.582826810903498e-07,True,0.9999989027703577,1.0972296422551151e-06,True,0.9980564466677607,0.0019435533322393,True,0.9916038010269403,0.0083961989730596,True,0.99960397277,0.00039602723,True,0.9982754712,0.0017245288,6,True,0.9916038010269403,0.997922972692063,0.9999992417173189,0315d000352df7cc47594583d32dcc98dd1ffb33cf8578720794810e850add09,18,50,8d42b6b0f70eb78629c25dec59b91bab6afb6f7106e4c81f764a32a3d5a04f2b
XAI_0169,4011,s0016/s0016_00934_1_0_0_0_1_01.png,s0016_00934_1_0_0_0_1_01.png,s0016,0,1,0,0,1,1,test,0,closed,True,0.9999885233874011,1.1476612598926296e-05,True,0.9999995365907921,4.634092078958929e-07,True,0.9992093074833975,0.0007906925166025,True,0.9823628887534142,0.0176371112465858,True,0.99990236814,9.763186e-05,True,0.9976061254,0.0023938746,6,True,0.9823628887534142,0.9965114582925008,0.9999995365907921,0315f4835f856898026db8facb51435dabd806ce434878ba893a3faae7b62760,19,50,86e5d34cf59d79cbd761df79493e774ee4db7e03c20bf6f3814b60b274d54d6e
XAI_0170,3754,s0016/s0016_00677_1_0_0_0_1_01.png,s0016_00677_1_0_0_0_1_01.png,s0016,0,1,0,0,1,1,test,0,closed,True,0.9999993133959038,6.866040962449915e-07,True,0.999999738030823,2.6196917701781786e-07,True,0.9996949269261677,0.0003050730738323,True,0.9956908761523664,0.0043091238476336,True,0.9924941026,0.0075058974,True,0.99995707978,4.292022e-05,6,True,0.9924941026,0.9979726728142101,0.999999738030823,0319eff0bacd5b9d2955ea4a45c0fe5a063af50c2066921dc5be7cb1db98a2d0,20,50,470cd78e52f95431dfcb3a74eb23fb3a9d775fa3ed78eac93b98138841da8438
XAI_0171,3117,s0016/s0016_00040_1_0_0_0_1_01.png,s0016_00040_1_0_0_0_1_01.png,s0016,0,1,0,0,1,1,test,0,closed,True,0.9999998827871579,1.1721284209897933e-07,True,0.999999988166425,1.1833575008779462e-08,True,0.9998456248431467,0.0001543751568533,True,0.9901355113834143,0.0098644886165857,True,0.99996011776,3.988224e-05,True,0.99985035576,0.00014964424,6,True,0.9901355113834143,0.9982985801166905,0.999999988166425,03664dc2571d6cd80d82bf65191cd51581134fe8108edbd4157deabfdab88a1c,21,50,0c988b198fd9edabea08a317a7154df3a854eb0652fbc0c048f03c7691032b06
XAI_0172,4217,s0016/s0016_01140_1_0_0_0_1_01.png,s0016_01140_1_0_0_0_1_01.png,s0016,0,1,0,0,1,1,test,0,closed,True,0.9996926662570332,0.0003073337429668,True,0.9999878986773183,1.2101322681701276e-05,True,0.9387394897639751,0.0612605102360248,True,0.973393302410841,0.026606697589159,True,0.99992283925,7.716075e-05,True,0.9977176206,0.0022823794,6,True,0.9387394897639751,0.9849089694931946,0.9999878986773183,038f1fef28e697f3d7bbee6ed289d316ba8d6c2decc99e4995e564d299125337,22,50,8c39c3cc44801582a738ced665589bd65d5b6d96cb8186e13b7fd829144bb598
XAI_0173,3122,s0016/s0016_00045_1_0_0_0_1_01.png,s0016_00045_1_0_0_0_1_01.png,s0016,0,1,0,0,1,1,test,0,closed,True,0.9999995557948296,4.4420517042453866e-07,True,0.999999791225207,2.0877479300907e-07,True,0.9985010761301965,0.0014989238698035,True,0.9727559313178062,0.0272440686821937,True,0.9994791297,0.0005208703,True,0.9988508789,0.0011491211,6,True,0.9727559313178062,0.9949310605113398,0.999999791225207,03bfa17ed0d891d45fa177605af0252e66ce0eae5ff03ef25367cbdf0efb8472,23,50,e49a60e92f07290538cb16b85b46301bf9e34fdf4db3465f42d5cb4c364117d4
XAI_0174,3983,s0016/s0016_00906_1_0_0_0_1_01.png,s0016_00906_1_0_0_0_1_01.png,s0016,0,1,0,0,1,1,test,0,closed,True,0.9977084114216269,0.0022915885783731,True,0.9999985718801554,1.4281198446042254e-06,True,0.9943801341578365,0.0056198658421635,True,0.9994050646200777,0.0005949353799223,True,0.9999962100876,3.7899124e-06,True,0.997925207,0.002074793,6,True,0.9943801341578365,0.998235599861216,0.9999985718801554,03db90149e0d73b2607f8656bde8c92dd1430b72d3a3ebadf382d74ade9f398b,24,50,946bd94b6a52fda88a5b8bd6332c7b1a064f4f34746f00c6a4a24d55bd6b9987
XAI_0175,3155,s0016/s0016_00078_1_0_0_0_1_01.png,s0016_00078_1_0_0_0_1_01.png,s0016,0,1,0,0,1,1,test,0,closed,True,0.9999401152672363,5.9884732763748616e-05,True,0.9999987317573868,1.2682426131505051e-06,True,0.9987373229814694,0.0012626770185306,True,0.9696541763842106,0.0303458236157894,True,0.9977948335,0.0022051665,True,0.99945114326,0.00054885674,6,True,0.9696541763842106,0.9942627205250506,0.9999987317573868,0402d3fa6f4a7b7daf88dc905c62bd4a008d0ac9ff163dd44940482f77ecb134,25,50,7b8ea7845c476b84210775624b9873a8c3ae12df490756f48956c9be3ecc3874
XAI_0176,3587,s0016/s0016_00510_1_0_0_0_1_01.png,s0016_00510_1_0_0_0_1_01.png,s0016,0,1,0,0,1,1,test,0,closed,True,0.999802802776685,0.000197197223315,True,0.9999999147036363,8.529636374987605e-08,True,0.9934689328074456,0.0065310671925544,True,0.9999934532847874,6.5467152126075234e-06,True,0.99962126534,0.00037873466,True,0.9998753036,0.0001246964,6,True,0.9934689328074456,0.9987936120854256,0.9999999147036363,04120b855d58dbb1132b333d8ae269b4e0c01890cf0ac853197b34fd0bf8b081,26,50,5d0fe0910e6d2a32e69e9f639a8bcb72d34595eb71847bd5bf7d0057a3c7b740
XAI_0177,4223,s0016/s0016_01146_1_0_0_0_1_01.png,s0016_01146_1_0_0_0_1_01.png,s0016,0,1,0,0,1,1,test,0,closed,True,0.9997991287818878,0.0002008712181122,True,0.9999753523061372,2.464769386278931e-05,True,0.9652548357844353,0.0347451642155647,True,0.9567298479378223,0.0432701520621776,True,0.9994596504,0.0005403496,True,0.994459139,0.005540861,6,True,0.9567298479378223,0.9859463257017138,0.9999753523061372,041beb2d62ddf501f94fc0bdf822c4caad8cf463747117bf554b1f9db83d3682,27,50,af1798fe9d1a35dde18198e5b98245382e4d42dc2c7ff4d4aa89837d109e29cb
XAI_0178,4355,s0016/s0016_01278_1_0_0_1_1_01.png,s0016_01278_1_0_0_1_1_01.png,s0016,0,1,0,1,1,1,test,0,closed,True,0.9981457690009848,0.0018542309990152,True,0.9999999968723949,3.127605063824035e-09,True,0.9929259535856545,0.0070740464143455,True,0.9999800252990099,1.9974700990132987e-05,True,0.999968499833,3.1500167e-05,True,0.999971935416,2.8064584e-05,6,True,0.9929259535856545,0.9984986966678407,0.9999999968723949,0482c9435556779a73855f9e0335a3c5ceabc5b856714958c10e2a08799b9407,28,50,a6bf417a1c3db612a4c576aace0a3651db77221f8fde1d87be2a5722b8892c4d
XAI_0179,4139,s0016/s0016_01062_1_0_0_0_1_01.png,s0016_01062_1_0_0_0_1_01.png,s0016,0,1,0,0,1,1,test,0,closed,True,0.9999037906673038,9.620933269616216e-05,True,0.9999410363889183,5.896361108170822e-05,True,0.993260681629181,0.006739318370819,True,0.9130530059337616,0.0869469940662384,True,0.5409919000000001,0.4590081,True,0.991351783,0.008648217,6,True,0.5409919000000001,0.9064170329365274,0.9999410363889183,048ee9092feaed98d793c140fe6efb2576fd8179a29fa6ff2fae5631cd5ba1f2,29,50,f1e8267284366c7f8886b8c059d2b67cd463b5933ea0b2ae21a2a5bdf982adf0
XAI_0180,4113,s0016/s0016_01036_1_0_0_0_1_01.png,s0016_01036_1_0_0_0_1_01.png,s0016,0,1,0,0,1,1,test,0,closed,True,0.9999193223848124,8.067761518759653e-05,True,0.9999823115867912,1.76884132088162e-05,True,0.9965470246970654,0.0034529753029346,True,0.9653840623795987,0.0346159376204013,True,0.78847778,0.21152222,True,0.982453762,0.017546238,6,True,0.78847778,0.9554607105080445,0.9999823115867912,04e20718770ce13cd2b3563b7b3509bc944444b426a78e85b72813de4e7e5b36,30,50,4aa7d1e1c4d75742f1b7e487cac808443b99146853457a9ea17b5c0d23378124
XAI_0181,4047,s0016/s0016_00970_1_0_0_0_1_01.png,s0016_00970_1_0_0_0_1_01.png,s0016,0,1,0,0,1,1,test,0,closed,True,0.9999594197433908,4.0580256609246135e-05,True,0.9999984738099101,1.5261900898622116e-06,True,0.9300336167216301,0.0699663832783699,True,0.9518162608146667,0.0481837391853332,True,0.977241725,0.022758275,True,0.998370764,0.001629236,6,True,0.9300336167216301,0.9762367100149328,0.9999984738099101,0501a2ae5843eb6490d10d74bf917c06eddce24e99db1fa7b1a8856710dd973e,31,50,d767112a697636e21fd84e5f9b7f89fc0ecbaa7895291892402441b9beeb83b5
XAI_0182,3695,s0016/s0016_00618_1_0_0_0_1_01.png,s0016_00618_1_0_0_0_1_01.png,s0016,0,1,0,0,1,1,test,0,closed,True,0.9997810990025756,0.0002189009974244,True,0.9999962320782743,3.767921725739143e-06,True,0.9956799456849695,0.0043200543150305,True,0.9549372494220734,0.0450627505779266,True,0.980461204,0.019538796,True,0.984600656,0.015399344,6,True,0.9549372494220734,0.9859093976979821,0.9999962320782743,05653575c370caf47467afb54e8324b300205a4e6acad9681bb12a4a85ed941e,32,50,937fba21ca44e10c49e72b5fadd97371a857fd215a52c504979512f2f8df95e6
XAI_0183,3696,s0016/s0016_00619_1_0_0_0_1_01.png,s0016_00619_1_0_0_0_1_01.png,s0016,0,1,0,0,1,1,test,0,closed,True,0.9999912009807304,8.799019269645214e-06,True,0.9999511615023948,4.883849760517478e-05,True,0.9873116845265031,0.0126883154734969,True,0.9737027790397406,0.0262972209602594,True,0.9971082336,0.0028917664,True,0.987182787,0.012817213,6,True,0.9737027790397406,0.9908746411082281,0.9999912009807304,058be7f31ba3f8b8a93b906cb26eade53a4f0077988a65d9027a3a3bc89d6aec,33,50,83e312e933e58e063e71110f9235a78839a8358b4d8e07328692d80e7de876e2
XAI_0184,4237,s0016/s0016_01160_1_0_0_0_1_01.png,s0016_01160_1_0_0_0_1_01.png,s0016,0,1,0,0,1,1,test,0,closed,True,0.9996716890891549,0.0003283109108451,True,0.9999617573230353,3.824267696472816e-05,True,0.9945377465337515,0.0054622534662485,True,0.9887369219213725,0.0112630780786275,True,0.948454868,0.051545132,True,0.9952061567,0.0047938433,6,True,0.948454868,0.987761523261219,0.9999617573230353,05bec66941e8e85ee81719e3a26c1e22a455b0cd0a869870c6e031b2971014e9,34,50,3904050fe439c1c9cbb2db2e0950b3a0515e14a0b8b7b1d2b31d3e3961dc20d6
XAI_0185,3595,s0016/s0016_00518_1_0_0_0_1_01.png,s0016_00518_1_0_0_0_1_01.png,s0016,0,1,0,0,1,1,test,0,closed,True,0.9986558484379203,0.0013441515620797,True,0.9999989960431321,1.0039568678621436e-06,True,0.9788283333182335,0.0211716666817665,True,0.9999717139344284,2.828606557159219e-05,True,0.997413442,0.002586558,True,0.9995457425,0.0004542575,6,True,0.9788283333182335,0.9957356793722857,0.9999989960431321,05c33de598c1925d4d004a80252be3e326c572b9c97853834e1ee1e916e492bd,35,50,b80081b177102f176020af377b67ba2939436aa70a0fc0c883e7098fdb6127c0
XAI_0186,3658,s0016/s0016_00581_1_0_0_0_1_01.png,s0016_00581_1_0_0_0_1_01.png,s0016,0,1,0,0,1,1,test,0,closed,True,0.999806835083291,0.000193164916709,True,0.9999905755621512,9.424437848792875e-06,True,0.9942483794875443,0.0057516205124557,True,0.9474178068339825,0.0525821931660175,True,0.9987471466,0.0012528534,True,0.9976648476,0.0023351524,6,True,0.9474178068339825,0.9896459318611615,0.9999905755621512,05c43581fd2ce556df0cbba1042f11b6fad990d8ed95159ac660c17ff117101e,36,50,24d66d9c64a2bb035254b34332f63d7804f1644acc8221801e132abe9f10060c
XAI_0187,3995,s0016/s0016_00918_1_0_0_0_1_01.png,s0016_00918_1_0_0_0_1_01.png,s0016,0,1,0,0,1,1,test,0,closed,True,0.9960716818459332,0.0039283181540668,True,0.9999999470546399,5.294536009614603e-08,True,0.9987925116438419,0.0012074883561581,True,0.9993853265186772,0.0006146734813228,True,0.999971584024,2.8415976e-05,True,0.9993364535,0.0006635465,6,True,0.9960716818459332,0.9989262507645154,0.9999999470546399,06156b60f52f98ad4c69864e742394811ac1864f364cbe35a19882af636e3a5f,37,50,eb1e564fabcb78903f4489887c6ee4e7975e53b5572bae948a97da7224df3011
XAI_0188,3209,s0016/s0016_00132_1_0_0_0_1_01.png,s0016_00132_1_0_0_0_1_01.png,s0016,0,1,0,0,1,1,test,0,closed,True,0.9999929369068923,7.063093107717577e-06,True,0.9999889801147219,1.101988527807407e-05,True,0.9884544489905239,0.0115455510094761,True,0.9908562870696188,0.0091437129303812,True,0.94075093,0.05924907,True,0.996220386,0.003779614,6,True,0.94075093,0.9860439948469595,0.9999929369068923,063eec357b9d655dd3928f133575036de91282ef777d152479f87cfabe312fd1,38,50,a4897681b240305f9a135dce679e3baa0edc891b293dbdb91c6a10951ba348f1
XAI_0189,3956,s0016/s0016_00879_1_0_0_0_1_01.png,s0016_00879_1_0_0_0_1_01.png,s0016,0,1,0,0,1,1,test,0,closed,True,0.9999984148496424,1.585150357641396e-06,True,0.9999999664091135,3.3590886516776663e-08,True,0.9996085691964254,0.0003914308035746,True,0.999720090738265,0.0002799092617351,True,0.999110235,0.000889765,True,0.999940190493,5.9809507e-05,6,True,0.999110235,0.9997295777810743,0.9999999664091135,064d703447475dbfa280f35c6371d2036cc795636f4bd7a3bac3d35df7d9188f,39,50,ae831800f725afd56f5deb24351813a4c25a911bc56186db093819c50ef03d60
XAI_0190,3192,s0016/s0016_00115_1_0_0_0_1_01.png,s0016_00115_1_0_0_0_1_01.png,s0016,0,1,0,0,1,1,test,0,closed,True,0.9999772013707116,2.2798629288445227e-05,True,0.9999433745542774,5.662544572260231e-05,True,0.9693742357194424,0.0306257642805576,True,0.9954303172416986,0.0045696827583014,True,0.9973733213,0.0026266787,True,0.992041853,0.007958147,6,True,0.9693742357194424,0.9923567171976883,0.9999772013707116,064def3b061f766b1cf4b43b44e220b37c34b999047a6fe07516b3448f259eb7,40,50,891f6fc3ec374a1346ba10026a55d65be7dad8a20f4df8ebe390dbe365dfbe22
XAI_0191,4603,s0016/s0016_01526_1_0_0_0_1_01.png,s0016_01526_1_0_0_0_1_01.png,s0016,0,1,0,0,1,1,test,0,closed,True,0.9999980459062954,1.954093704625848e-06,True,0.9999999740812662,2.5918733825847085e-08,True,0.9993531155632809,0.0006468844367191,True,0.9968751843553036,0.0031248156446963,True,0.9956822796,0.0043177204,True,0.999948914756,5.1085244e-05,6,True,0.9956822796,0.9986429190436911,0.9999999740812662,068688b35c69446d11e9ab06035d28642c42f15d55463ec2d803cba576b7f962,41,50,3d1e16b7f1a615a04bdad128948a2088e32b66f7f48b7dce152dea1c85431541
XAI_0192,3228,s0016/s0016_00151_1_0_0_1_1_01.png,s0016_00151_1_0_0_1_1_01.png,s0016,0,1,0,1,1,1,test,0,closed,True,0.9999715950780228,2.8404921977198683e-05,True,0.9999996688861188,3.311138812023273e-07,True,0.9999997356138692,2.6438613076607e-07,True,0.9990950644714758,0.0009049355285242,True,0.99983715244,0.00016284756,True,0.99998430424,1.569576e-05,6,True,0.9990950644714758,0.9998145867882476,0.9999997356138692,06894751e4a6226a6baf16c8d33bea8fe44c1bbab3352cbbee597fb78eca7567,42,50,b919c59cbcd49b1cc88c20e5bf9aff3427bb4e651a3a5cbaa00999fa058ad57d
XAI_0193,3579,s0016/s0016_00502_1_0_0_1_1_01.png,s0016_00502_1_0_0_1_1_01.png,s0016,0,1,0,1,1,1,test,0,closed,True,0.9995107219438069,0.0004892780561931,True,0.9999998901917948,1.0980820519534973e-07,True,0.9998335801647045,0.0001664198352955,True,0.999980678610882,1.932138911797665e-05,True,0.9998386631,0.0001613369,True,0.9999975327362,2.4672638e-06,6,True,0.9995107219438069,0.9998601777912314,0.9999998901917948,06c3686b69335db832a3b8fe4fbed7e17d3d483b2888f9fe69db60e1fd9c0af3,43,50,f9e466d079e3350b41c5029cc6404ed9aa2eda3ec94db0b77279c1221e9d8022
XAI_0194,3708,s0016/s0016_00631_1_0_0_0_1_01.png,s0016_00631_1_0_0_0_1_01.png,s0016,0,1,0,0,1,1,test,0,closed,True,0.9993455584626645,0.0006544415373355,True,0.9998590548348149,0.0001409451651852,True,0.8113778084516526,0.1886221915483474,True,0.9756992626935244,0.0243007373064756,True,0.996598477,0.003401523,True,0.9990194319,0.0009805681,6,True,0.8113778084516526,0.963649932223776,0.9998590548348149,07066a93befdbfb3533b9749963706509e1eb3772b12d9c19264a2071b35d271,44,50,10cefc412c5197bcde4be5deaf72af55fc828b92ba9d8863291a22c25ff1accd
XAI_0195,3843,s0016/s0016_00766_1_0_0_0_1_01.png,s0016_00766_1_0_0_0_1_01.png,s0016,0,1,0,0,1,1,test,0,closed,True,0.9983642763691023,0.0016357236308977,True,0.999994266117028,5.733882971981075e-06,True,0.9898831779137254,0.0101168220862746,True,0.9999454199896718,5.458001032820903e-05,True,0.99976746776,0.00023253224,True,0.9994178331,0.0005821669,6,True,0.9898831779137254,0.9978954068749212,0.999994266117028,074e95ee69e57479768beb4baad26e727124a9ee3b61bf46c41e217bba18509b,45,50,c3cabdedadd11bac7b2456f49e9822973fd9ed2497d80919d6e2f64954326b5b
XAI_0196,3701,s0016/s0016_00624_1_0_0_0_0_01.png,s0016_00624_1_0_0_0_0_01.png,s0016,0,1,0,0,0,1,test,0,closed,True,0.9956694310531021,0.0043305689468979,True,0.9999203906336334,7.960936636663973e-05,True,0.9999258016614476,7.419833855237812e-05,True,0.9986990976613015,0.0013009023386985,True,0.99999910543863,8.9456137e-07,True,0.99988402505,0.00011597495,6,True,0.9956694310531021,0.9990163085830192,0.99999910543863,075b4eb4cacadff632a6276e60a642b0140a7cabb62b3dc9619d8f2a81cd461e,46,50,e62c7213b0b71b971d8fcace4eaa0ad6877265010ca60e00cf610833a47e9f34
XAI_0197,4274,s0016/s0016_01197_1_0_0_0_1_01.png,s0016_01197_1_0_0_0_1_01.png,s0016,0,1,0,0,1,1,test,0,closed,True,0.9982595895417035,0.0017404104582965,True,0.9999526830797549,4.7316920245066285e-05,True,0.9264988005161285,0.0735011994838714,True,0.9101095572113991,0.0898904427886009,True,0.941418767,0.058581233,True,0.963639244,0.036360756,6,True,0.9101095572113991,0.956646440224831,0.9999526830797549,075e99790640f3765ee05b439c0ba36bf51adbfd998b212885b490b7c147636e,47,50,5415d602f8db2a7698bb63caa3d63311ffb69e536dc64ae7f493725856ec8152
XAI_0198,3083,s0016/s0016_00006_1_0_0_0_1_01.png,s0016_00006_1_0_0_0_1_01.png,s0016,0,1,0,0,1,1,test,0,closed,True,0.9999113924059202,8.860759407980368e-05,True,0.9999999987785088,1.2214912414876267e-09,True,0.999422299093567,0.0005777009064331,True,0.9986308362567798,0.0013691637432202,True,0.99989131783,0.00010868217,True,0.99993505989,6.494011e-05,6,True,0.9986308362567798,0.9996318173757959,0.9999999987785088,07a42c3b6fa3ef61a2901da9d9ea0aca120582f830185df80764d6c99c31dcbd,48,50,471ead7e0debe3f04a174fb81a989740d26065767fd422f295f90f609f468342
XAI_0199,3671,s0016/s0016_00594_1_0_0_0_1_01.png,s0016_00594_1_0_0_0_1_01.png,s0016,0,1,0,0,1,1,test,0,closed,True,0.9997224463149906,0.0002775536850094,True,0.9998043842351763,0.0001956157648237,True,0.8169393390417099,0.1830606609582901,True,0.9638382978737355,0.0361617021262645,True,0.9943936225,0.0056063775,True,0.9979138055,0.0020861945,6,True,0.8169393390417099,0.9621019825776019,0.9998043842351763,07dc9a644e2dc03366b826760f28e25367c34acac09b7e59058d24fee3f2588e,49,50,c1e259fb3f078032cb5efc6ae64a94dc445d8cc0b7c06e35a49edb4078a9371b
XAI_0200,4008,s0016/s0016_00931_1_0_0_0_1_01.png,s0016_00931_1_0_0_0_1_01.png,s0016,0,1,0,0,1,1,test,0,closed,True,0.9984512580558658,0.0015487419441342,True,0.9997392341610976,0.0002607658389024,True,0.9833423364907504,0.0166576635092496,True,0.9722331874072552,0.0277668125927448,True,0.995148125,0.004851875,True,0.999293753,0.000706247,6,True,0.9722331874072552,0.9913679823524948,0.9997392341610976,07e1fda950e05a5eb342a313960a4399fa5be0d0d33bc3f444498e056aa48ea5,50,50,28ad3ad8fd8df413831e8c388bd2b5fe01265ac66739c9f07e063cc2c6c11255
XAI_0201,5496,s0018/s0018_00530_0_0_0_0_1_01.png,s0018_00530_0_0_0_0_1_01.png,s0018,0,0,0,0,1,1,test,0,closed,True,0.9999543323974649,4.566760253510438e-05,True,0.9999799839952175,2.0016004782519303e-05,True,0.9999690195145376,3.098048546235077e-05,True,0.9999000111565692,9.998884343076496e-05,True,0.999995091044,4.908956e-06,True,0.9999988514867,1.1485133e-06,6,True,0.9999000111565692,0.999966214932415,0.9999988514867,000f62f010586160e7fa412a415183279f61ecae3a8a50f82913b544dc1325e2,1,50,e0127cb3c5790a0df74ed89504881e1ec65525483c2e28737ec291f2b9321d25
XAI_0202,6505,s0018/s0018_01539_0_0_0_0_1_01.png,s0018_01539_0_0_0_0_1_01.png,s0018,0,0,0,0,1,1,test,0,closed,True,0.9999863027433094,1.369725669064792e-05,True,0.9999990904444758,9.095555242311092e-07,True,0.9999510619672947,4.893803270533681e-05,True,0.9999908344288997,9.165571100311354e-06,True,0.99990503422,9.496578e-05,True,0.999999990746468,9.253532e-09,6,True,0.99990503422,0.9999720524250746,0.999999990746468,0012089cb4764cc60cc4fb192f25b23b3fa342956aa8f54edc040444ea45f05d,2,50,795afd2a146796ab64644acfb1cc2b65a890a5f45930376cf66a96d8f234cef4
XAI_0203,7263,s0018/s0018_02297_0_1_0_2_1_01.png,s0018_02297_0_1_0_2_1_01.png,s0018,0,0,1,2,1,1,test,0,closed,True,0.999999995441986,4.558013966260432e-09,True,0.999999999799595,2.0040499815188184e-10,True,0.9999999999912736,8.72638333121456e-12,True,0.9999977669017426,2.233098257420352e-06,True,0.99999970604551,2.9395449e-07,True,0.99999974677004,2.5322996e-07,6,True,0.9999977669017426,0.9999995358250247,0.9999999999912736,001cb0a4fadbe1a4ace9eaf22fb3f1a64cf29ab99578c45fa30758f2e75ec999,3,50,e03b321f6ccab704803187be212cec8cc9db7eb1c1449d1e78db6dd70c254ac5
XAI_0204,7519,s0018/s0018_02553_0_1_0_0_0_01.png,s0018_02553_0_1_0_0_0_01.png,s0018,0,0,1,0,0,1,test,0,closed,True,0.9999972382584019,2.761741598078516e-06,True,0.9999999999895135,1.0486490148453598e-11,True,0.9999999985818799,1.4181200658214264e-09,True,0.9999969668442645,3.033155735465698e-06,True,0.99999985410761,1.4589239e-07,True,0.99993784006,6.215994e-05,6,True,0.99993784006,0.9999886496402784,0.9999999999895135,00433560c38d7bd96902dcc8fc20fb4d977846b6aae8d6278ff591fb8906a625,4,50,d1dc8ff0179c492082a7a9582e641868a26714ebbd3b3a3c9e3529f327321782
XAI_0205,6802,s0018/s0018_01836_0_0_0_0_0_01.png,s0018_01836_0_0_0_0_0_01.png,s0018,0,0,0,0,0,1,test,0,closed,True,0.9984812026377768,0.0015187973622232,True,0.9999999729622822,2.7037717842404163e-08,True,0.9987586330389604,0.0012413669610396,True,0.9998503629030893,0.0001496370969107,True,0.999986414972,1.3585028e-05,True,0.99994459055,5.540945e-05,6,True,0.9984812026377768,0.9995035295106848,0.9999999729622822,006ac0246b3dab1b3f669d35e22cf982f5800ed4839f93c22655b4569da19258,5,50,eb7b6ecd4e865d4e199dcb99e62011f899a1ad8f370dd23cfc9435605e99eda5
XAI_0206,7233,s0018/s0018_02267_0_1_0_0_0_01.png,s0018_02267_0_1_0_0_0_01.png,s0018,0,0,1,0,0,1,test,0,closed,True,0.9999883162263359,1.1683773664117323e-05,True,0.9999891138259045,1.088617409550352e-05,True,0.8744666129350663,0.1255333870649337,True,0.9999980568074989,1.943192501130397e-06,True,0.99999982640102,1.7359898e-07,True,0.99999934554967,6.5445033e-07,6,True,0.8744666129350663,0.979073545290916,0.99999982640102,006b7a0295822b23e1808ab515a9f55e7fb8ac7acadee01f5cab117625a11e7c,6,50,c0b95212b3c045484bad968320ba144829e48a5d29d19506962130dc5a0d59bd
XAI_0207,7003,s0018/s0018_02037_0_1_0_2_0_01.png,s0018_02037_0_1_0_2_0_01.png,s0018,0,0,1,2,0,1,test,0,closed,True,0.9999999686203793,3.137962067967237e-08,True,0.9999999999701417,2.985830332979944e-11,True,0.9999998776495289,1.2235047108788424e-07,True,0.9999785763120599,2.1423687940114174e-05,True,0.999999988375037,1.1624963e-08,True,0.99999990241742,9.758258e-08,6,True,0.9999785763120599,0.9999963855574278,0.9999999999701417,007b20430a32aba2cf4e10119b0add7c992e1fda6171dab75d90a814d7258d5e,7,50,c8ddc775d4c2cae60b497de979fb79ee9200fdfeed8ddc029cb448ef3c07d096
XAI_0208,6334,s0018/s0018_01368_0_0_0_0_0_01.png,s0018_01368_0_0_0_0_0_01.png,s0018,0,0,0,0,0,1,test,0,closed,True,0.9999999911710429,8.828957120954328e-09,True,0.9998851127602393,0.0001148872397607,True,0.9915559627115726,0.0084440372884273,True,0.9997926849755459,0.0002073150244541,True,0.9999982369889,1.7630111e-06,True,0.9999986416639,1.3583361e-06,6,True,0.9915559627115726,0.9985384383785334,0.9999999911710429,007de1f82e8933ba983a261e54e563cff418cbaa3aeb417dffc916ec7b7f412e,8,50,e858a043845c41901c890875dbeeb998aa3254eec1a33d20900f29adb841af62
XAI_0209,7780,s0018/s0018_02814_0_1_0_0_0_01.png,s0018_02814_0_1_0_0_0_01.png,s0018,0,0,1,0,0,1,test,0,closed,True,0.9999990377499444,9.622500556361049e-07,True,0.9999999968931865,3.1068134731526693e-09,True,0.9999918869507383,8.113049261737615e-06,True,0.9999934914708319,6.508529168058885e-06,True,0.99999995452422,4.547578e-08,True,0.999998968254,1.031746e-06,6,True,0.9999918869507383,0.9999972226404868,0.9999999968931865,008b7b73ac9a4e68e8e00aa430df755c67b9206aa2f6f27a3de9398acdc5e39f,9,50,a16211bca63da6466048efdad2a1b62a1bc84c595a309f9806b650e43a3088dd
XAI_0210,6858,s0018/s0018_01892_0_0_0_0_1_01.png,s0018_01892_0_0_0_0_1_01.png,s0018,0,0,0,0,1,1,test,0,closed,True,0.9999999309027672,6.909723282433333e-08,True,0.9999999503114587,4.9688541281511795e-08,True,0.9999999985976449,1.4023551209163543e-09,True,0.9999972802920638,2.719707936194027e-06,True,0.99999981261011,1.8738989e-07,True,0.9999997338161,2.661839e-07,6,True,0.9999972802920638,0.9999994510883575,0.9999999985976449,00a20ad330844665bd8936ba3964cacfc071838126e7b3306c2719dbac3962b5,10,50,c8a24f13d0fb61b58207c3c62d0d46cd5ea4098d738ee4ef31ee91b9f12a0173
XAI_0211,7032,s0018/s0018_02066_0_1_0_1_0_01.png,s0018_02066_0_1_0_1_0_01.png,s0018,0,0,1,1,0,1,test,0,closed,True,0.9996196618012619,0.0003803381987381,True,0.9969448698684574,0.0030551301315426,True,0.9988796514226124,0.0011203485773876,True,0.9133220687508583,0.0866779312491417,True,0.971169697,0.028830303,True,0.9959047837,0.0040952163,6,True,0.9133220687508583,0.9793067887571983,0.9996196618012619,00ab3098c057c486ec33a8dcba8c86bcd888deed250989893ca3af74aa1b188e,11,50,7b044dcd178a612cdb74fdb37a3cd4e0167a7b6f814105b1b72326cc37e6d376
XAI_0212,6941,s0018/s0018_01975_0_1_0_2_0_01.png,s0018_01975_0_1_0_2_0_01.png,s0018,0,0,1,2,0,1,test,0,closed,True,0.9999999969676612,3.032338824482394e-09,True,0.9999999999636769,3.6323052204911826e-11,True,0.9999996364548736,3.635451264472067e-07,True,0.9999646711185051,3.532888149493374e-05,True,0.99999999207718,7.92282e-09,True,0.999999968974606,3.1025394e-08,6,True,0.9999646711185051,0.9999940442594172,0.9999999999636769,00b59621a969f8f836e933bc0d5fe64a1d092c486df1bdc3a8d44aef2a46188f,12,50,a20b29433f68caee3c8f2eeaa3ef65cafa6ba2a46acac24925e9fb470479a297
XAI_0213,8166,s0018/s0018_03200_0_1_0_0_1_01.png,s0018_03200_0_1_0_0_1_01.png,s0018,0,0,1,0,1,1,test,0,closed,True,0.999972073124809,2.79268751910422e-05,True,0.9999605326556775,3.9467344322474673e-05,True,0.9940220788121223,0.0059779211878776,True,0.9977629166096449,0.0022370833903551,True,0.999999943174732,5.6825268e-08,True,0.9999996893386,3.106614e-07,6,True,0.9940220788121223,0.9986195389525977,0.999999943174732,00c4e327bd284ccd64bc781b22ece0482a74fef28215ff0773d38249aa9c9c6d,13,50,9893efb6f1cd9b863a6b775dcd13192211126b593d80539f1f12f629b975c57f
XAI_0214,5050,s0018/s0018_00084_0_0_0_0_1_01.png,s0018_00084_0_0_0_0_1_01.png,s0018,0,0,0,0,1,1,test,0,closed,True,0.9999644175586582,3.558244134183042e-05,True,0.9999999195833382,8.041666177405206e-08,True,0.9908740520477295,0.0091259479522705,True,0.9985080793267116,0.0014919206732884,True,0.9999907567,9.2433e-06,True,0.9991598511,0.0008401489,6,True,0.9908740520477295,0.9980828460527396,0.9999999195833382,00c8b95f07052ed8d9e74fb940640d32113262b663e0f6b9a065d6f923617271,14,50,47ee774badfe9fd21c822089d2ba773516d4bb393093a980d7e942f382b148f8
XAI_0215,6838,s0018/s0018_01872_0_0_0_0_1_01.png,s0018_01872_0_0_0_0_1_01.png,s0018,0,0,0,0,1,1,test,0,closed,True,0.9999911044251348,8.895574865164235e-06,True,0.9993910109042191,0.0006089890957809,True,0.9988333219662309,0.0011666780337691,True,0.9862228333950043,0.0137771666049957,True,0.999969027227,3.0972773e-05,True,0.99987279622,0.00012720378,6,True,0.9862228333950043,0.9973800156895982,0.9999911044251348,00de2cbffb22984ecb6aefd11f719dd5fa395cd8e457c7471cf2a15637bbf6a9,15,50,5cdbbcd3b5e5641602ebe8a2a1aff18d1fdf72f5ec076738b632c225de722751
XAI_0216,6310,s0018/s0018_01344_0_0_0_0_1_01.png,s0018_01344_0_0_0_0_1_01.png,s0018,0,0,0,0,1,1,test,0,closed,True,0.9999999880525987,1.1947401290512973e-08,True,0.9999972817545313,2.718245468713576e-06,True,0.9999993632721385,6.36727861547115e-07,True,0.9980986637528986,0.0019013362471014,True,0.99993185752,6.814248e-05,True,0.9999973039576,2.6960424e-06,6,True,0.9980986637528986,0.9996707430516278,0.9999999880525987,00e65f23eec856750fbf7784b38ccbb12485bc31861ec8f6d69c442e1be82acb,16,50,32401c01ef9b0f4e892fa46157d4f00b6dcf52aec44a0f56c5561187c24732f6
XAI_0217,7615,s0018/s0018_02649_0_1_0_0_1_01.png,s0018_02649_0_1_0_0_1_01.png,s0018,0,0,1,0,1,1,test,0,closed,True,0.9999998953520901,1.0464790989317409e-07,True,0.999999995433023,4.566977018782836e-09,True,0.9999542569130426,4.5743086957372725e-05,True,0.9999494720250368,5.052797496318817e-05,True,0.999999975190264,2.4809736e-08,True,0.9999993337058,6.662942e-07,6,True,0.9999494720250368,0.9999838214365427,0.999999995433023,01152a9f29cb2369ca92fd301b47b45c3447c8ceb40bce5c4e1b1fa20860439c,17,50,f48937572eeeb076d374fd3633fc31358432394c57bb047391881fe05a67d567
XAI_0218,5345,s0018/s0018_00379_0_0_0_0_1_01.png,s0018_00379_0_0_0_0_1_01.png,s0018,0,0,0,0,1,1,test,0,closed,True,0.9999981705589107,1.8294410892849555e-06,True,0.9999999876364267,1.2363573276275021e-08,True,0.999614703701809,0.0003852962981909,True,0.999999384066939,6.159330609989411e-07,True,0.9999981417602,1.8582398e-06,True,0.9999981664403,1.8335597e-06,6,True,0.999614703701809,0.9999347590274309,0.9999999876364267,01241648e7110bd6c4ea1aafb7fd58417d9d06b1c8eea7c06379df1f259ecadf,18,50,aec354a25bd018e2ef051ad5f0ad3591bb4b4c567debbd9d71dc36168ec27478
XAI_0219,6917,s0018/s0018_01951_0_1_0_2_0_01.png,s0018_01951_0_1_0_2_0_01.png,s0018,0,0,1,2,0,1,test,0,closed,True,0.9999999999988071,1.1929660818227328e-12,True,0.9999999984614173,1.5385827056846322e-09,True,0.9999999999736898,2.6310186668210278e-11,True,0.9999959442884574,4.0557115426054224e-06,True,0.999999996148979,3.851021e-09,True,0.999999893494895,1.06505105e-07,6,True,0.9999959442884574,0.9999993053943742,0.9999999999988071,0129657aca2bc5839cf182dac493b238ded3b9e9c5862f398469789a7e46a62d,19,50,b083e51139b26bf6970bb583fe2683191d21e87d35d52e0c9b4fb6907cd130fc
XAI_0220,5694,s0018/s0018_00728_0_0_0_0_0_01.png,s0018_00728_0_0_0_0_0_01.png,s0018,0,0,0,0,0,1,test,0,closed,True,0.9999972521036398,2.747896360233426e-06,True,0.999999936065997,6.3934002980659e-08,True,0.9999961085736686,3.891426331392722e-06,True,0.9999992910688889,7.089311111485586e-07,True,0.99999914004337,8.5995663e-07,True,0.9999943151806,5.6848194e-06,6,True,0.9999943151806,0.9999976738393607,0.999999936065997,013dbbb706690749926359804f4d144de4f37dd6cbac2faf6aa6fba6699a7701,20,50,09b804197fc2de6f6bf5de340955ab25b789bd09832ceb5ab277a20d92866201
XAI_0221,5701,s0018/s0018_00735_0_0_0_0_1_01.png,s0018_00735_0_0_0_0_1_01.png,s0018,0,0,0,0,1,1,test,0,closed,True,0.9999999993272941,6.72705890991665e-10,True,0.9999999981178136,1.882186406731989e-09,True,0.9999791853151692,2.081468483083881e-05,True,0.9999962237322961,3.776267703869962e-06,True,0.999999970656209,2.9343791e-08,True,0.99999998496771,1.503229e-08,6,True,0.9999791853151692,0.9999958936860821,0.9999999993272941,0146b72660b5122345c41e2147326921cbb32ec49f4a800ff7256e03c5196157,21,50,4e1980f4ea7cdc7115bf31c5c8c3c7eb343c2f28792f13433fae051c6ec18030
XAI_0222,7115,s0018/s0018_02149_0_1_0_0_0_01.png,s0018_02149_0_1_0_0_0_01.png,s0018,0,0,1,0,0,1,test,0,closed,True,0.999999993261572,6.738428037778021e-09,True,0.9999999982193443,1.7806557339739015e-09,True,0.999997500153313,2.499846686987439e-06,True,0.9999982691731475,1.7308268525084711e-06,True,0.9999999970992002,2.9007998e-09,True,0.99999957019145,4.2980855e-07,6,True,0.999997500153313,0.9999992213496712,0.9999999982193443,0185e7bae3a52b3c520c5d75a8dc42c4bb1fbf26a7f49cc103e2af660a2a595e,22,50,0a9004116c0ff766b8cc8d2b2e2594594e7039077bf3cc0d3bb306f2dc68b107
XAI_0223,5910,s0018/s0018_00944_0_0_0_0_1_01.png,s0018_00944_0_0_0_0_1_01.png,s0018,0,0,0,0,1,1,test,0,closed,True,0.999999999998877,1.1229795305461865e-12,True,0.9999998336028995,1.6639710054278114e-07,True,0.9999870358924454,1.296410755458055e-05,True,0.9999981622720497,1.83772795026016e-06,True,0.99995152348,4.847652e-05,True,0.99999999165431,8.34569e-09,6,True,0.99995152348,0.9999894244834303,0.999999999998877,018848f576a9ef3ad9c36d0d217a99521661ad1dc0b66e10778c7859c24bd2b3,23,50,44aacbb352888068f70a8450a24aaa51f277cef8073919bbf72e2019b98a5853
XAI_0224,7993,s0018/s0018_03027_0_1_0_0_0_01.png,s0018_03027_0_1_0_0_0_01.png,s0018,0,0,1,0,0,1,test,0,closed,True,0.999998977640189,1.0223598110314924e-06,True,0.9999998464760722,1.535239277927758e-07,True,0.9999794068826304,2.05931173695717e-05,True,0.9992894552415237,0.0007105447584763,True,0.9999993265059,6.734941e-07,True,0.9999949899257,5.0100743e-06,6,True,0.9992894552415237,0.9998770004453359,0.9999998464760722,01a13775b848e5599c7df2f77862a08be1b27dd1b0d269b7f081ada6a25d5caa,24,50,550509e29b56a54a9e53fe702c912f0b91c1f65f6d4cc8759d2e4d217fa21ebb
XAI_0225,5869,s0018/s0018_00903_0_0_0_0_1_01.png,s0018_00903_0_0_0_0_1_01.png,s0018,0,0,0,0,1,1,test,0,closed,True,0.9999980478658017,1.952134198290878e-06,True,0.9999999114295619,8.857043809484821e-08,True,0.9999985239899161,1.476010083933943e-06,True,0.9999681488880015,3.185111199854873e-05,True,0.99999998992038,1.007962e-08,True,0.99999987594718,1.2405282e-07,6,True,0.9999681488880015,0.9999940830068068,0.99999998992038,01a47b7c3da0d38f40cde5e53781866f7b4827581d9165421c4e0bc9b5c02f86,25,50,41eb2fb25f0327d9a5f9412a0b64e5c14a412a3a2e22a61c3c8ac5710df98878
XAI_0226,6393,s0018/s0018_01427_0_0_0_0_1_01.png,s0018_01427_0_0_0_0_1_01.png,s0018,0,0,0,0,1,1,test,0,closed,True,0.999999999951615,4.8385011275353656e-11,True,0.9999999937060351,6.293964904813265e-09,True,0.999998668548642,1.3314513580553466e-06,True,0.9999913403698883,8.659630111651495e-06,True,0.9999878305225,1.21694775e-05,True,0.999999935400396,6.4599604e-08,6,True,0.9999878305225,0.9999962947498461,0.999999999951615,01ad05ba5fd195ee8e752ba7151faa3113d1f63811161926887f09497e62745b,26,50,5fbed9017497f34a2f21b941e00e4772f553c1f0c2f999f915d0a3322ba5fd81
XAI_0227,6606,s0018/s0018_01640_0_0_0_0_1_01.png,s0018_01640_0_0_0_0_1_01.png,s0018,0,0,0,0,1,1,test,0,closed,True,0.9999984663336363,1.5336663636844603e-06,True,0.999999740629363,2.593706369680149e-07,True,0.9999944602022879,5.5397977121174335e-06,True,0.9939866592176259,0.0060133407823741,True,0.999977614038,2.2385962e-05,True,0.99999959690547,4.0309453e-07,6,True,0.9939866592176259,0.9989927562210639,0.999999740629363,01b91102b16414bffaa229c5270ac04819f8dc1fe6328ad0f010829108b3e3d7,27,50,be72aa3ac41c3d5fb7f3946c9c843751b395eee5bf2c8626f5250eaffe4ddb9b
XAI_0228,7713,s0018/s0018_02747_0_1_0_0_0_01.png,s0018_02747_0_1_0_0_0_01.png,s0018,0,0,1,0,0,1,test,0,closed,True,0.9999548910964222,4.510890357778408e-05,True,0.9999996857785334,3.1422146662407613e-07,True,0.9998077039199416,0.0001922960800584,True,0.9999939921981422,6.00780185777694e-06,True,0.99986489056,0.00013510944,True,0.99999937661875,6.2338125e-07,6,True,0.9998077039199416,0.9999367566952982,0.9999996857785334,01d5393ad99f7f72327dd654e137e885f5ac840e8049bab2193fa408a42e3101,28,50,fa1e0de2320595df71e9cbc24dce100e2661d8dc7c6143123832ec0aa4c04fd6
XAI_0229,8406,s0018/s0018_03440_0_1_0_0_1_01.png,s0018_03440_0_1_0_0_1_01.png,s0018,0,0,1,0,1,1,test,0,closed,True,0.9999778174533276,2.2182546672411263e-05,True,0.9999967957996887,3.2042003113019746e-06,True,0.9998847845054116,0.0001152154945884,True,0.9999950551982693,4.944801730744075e-06,True,0.99913441984,0.00086558016,True,0.9999967836457,3.2163543e-06,6,True,0.99913441984,0.9998309427403994,0.9999967957996887,01d7816e38fd801a0fcf2225463e125bd13c5afe20a2b9eca99463e6874bc5a7,29,50,3e40caaa5e1679cc547933e44f8a67d2956d4357706989f36eead014eeba53ba
XAI_0230,7202,s0018/s0018_02236_0_1_0_0_0_01.png,s0018_02236_0_1_0_0_0_01.png,s0018,0,0,1,0,0,1,test,0,closed,True,0.9999507576285396,4.9242371460422873e-05,True,0.999996647409489,3.352590510985465e-06,True,0.9999958781104397,4.121889560337877e-06,True,0.9999935004520921,6.499547907878878e-06,True,0.999991486079,8.513921e-06,True,0.999999956755925,4.3244075e-08,6,True,0.9999507576285396,0.9999880377392475,0.999999956755925,01d9aa43e50598eabec27bb2848cd5c0e82dfd63537c91882c151e321d576fb3,30,50,6c8e5c5c6e0b8ffae25c163d7a3c7f5709374feada3cdc46d44188e69c48f117
XAI_0231,5327,s0018/s0018_00361_0_0_0_0_1_01.png,s0018_00361_0_0_0_0_1_01.png,s0018,0,0,0,0,1,1,test,0,closed,True,0.9999815811006556,1.8418899344396777e-05,True,0.9999998997804056,1.002195944010964e-07,True,0.9999979304525368,2.069547463179333e-06,True,0.9999992217605609,7.782394391142589e-07,True,0.999997361086,2.638914e-06,True,0.99982828723,0.00017171277,6,True,0.99982828723,0.9999673802350264,0.9999998997804056,01f2561de6a8960e271f489c57544ea07f2c21f1dc55113ea86dd1972c384c0f,31,50,8607d95a9c754c964235f3ef53a8fb7f5c60a247727063521a61e1f3ff330c66
XAI_0232,8037,s0018/s0018_03071_0_1_0_0_0_01.png,s0018_03071_0_1_0_0_0_01.png,s0018,0,0,1,0,0,1,test,0,closed,True,0.9999998291222454,1.708777546127749e-07,True,0.9999999548306704,4.5169329609962006e-08,True,0.999996271789314,3.728210685949307e-06,True,0.9999711898199166,2.8810180083382875e-05,True,0.9999999922089335,7.7910665e-09,True,0.9999974372417,2.5627583e-06,6,True,0.9999711898199166,0.99999411250213,0.9999999922089335,01f935cef0970dbe133a3be438523c4260af2ff2f231eab21aa30b191cdf222e,32,50,827cd7d325cefd6d8822fd357ca0def14f2f1001c61b573650642f026fac6c45
XAI_0233,7752,s0018/s0018_02786_0_1_0_0_0_01.png,s0018_02786_0_1_0_0_0_01.png,s0018,0,0,1,0,0,1,test,0,closed,True,0.9999666654475732,3.3334552426822484e-05,True,0.999999597803253,4.021967470180243e-07,True,0.9999728805451014,2.711945489863865e-05,True,0.9999963303598634,3.669640136649832e-06,True,0.9999960582204,3.9417796e-06,True,0.999999897611374,1.02388626e-07,6,True,0.9999666654475732,0.9999885716645943,0.999999897611374,02088052a0cb2453f103514b8b7072d2fe8039180669d9e672f476a946b64b10,33,50,815a9b15c41b0acdf8ea6a860268d44bf444e12a023879de86ca0e9b7a43cde8
XAI_0234,5166,s0018/s0018_00200_0_0_0_0_1_01.png,s0018_00200_0_0_0_0_1_01.png,s0018,0,0,0,0,1,1,test,0,closed,True,0.9999998084510935,1.9154890651407186e-07,True,0.9999999763401508,2.3659849190948993e-08,True,0.9999427378606924,5.726213930756785e-05,True,0.9999986574940749,1.3425059250948834e-06,True,0.99996165734,3.834266e-05,True,0.99999989674887,1.0325113e-07,6,True,0.9999427378606924,0.9999837890391469,0.9999999763401508,0236630b11d4ca59f6cdfd94b71beaa1bbbaa1fdd67ff8fa37473edb398381ff,34,50,b035e4bf7d91dd1ec4f2e6c540515ed16357c3533b102da6889b0aa16ef055f7
XAI_0235,6337,s0018/s0018_01371_0_0_0_0_0_01.png,s0018_01371_0_0_0_0_0_01.png,s0018,0,0,0,0,0,1,test,0,closed,True,0.9999904663627603,9.533637239655944e-06,True,0.9999997586028542,2.413971458281594e-07,True,0.9998086048290133,0.0001913951709866,True,0.9999916365432,8.363456799997948e-06,True,0.999985301205,1.4698795e-05,True,0.9999977791538,2.2208462e-06,6,True,0.9998086048290133,0.9999622577827713,0.9999997586028542,0238f5520ac5f99999a698b1eac2e36da1d8ed62a54ec9ddf40ce5bcb30adf7d,35,50,bd1c263291be9a005d6e356eaadecb059e535f35f6e1d6802c6f0f58e142cb61
XAI_0236,5225,s0018/s0018_00259_0_0_0_0_1_01.png,s0018_00259_0_0_0_0_1_01.png,s0018,0,0,0,0,1,1,test,0,closed,True,0.9999999774050057,2.2594994320002115e-08,True,0.9999999352585434,6.474145664014942e-08,True,0.9999470696820936,5.293031790642999e-05,True,0.9999719373445259,2.8062655474059284e-05,True,0.99999978376978,2.1623022e-07,True,0.99999950546646,4.9453354e-07,6,True,0.9999470696820936,0.9999863681544015,0.9999999774050057,024c3fe09bb598cb02c9505de490c91e6c785b528e9bb75c643f339f98d4bf61,36,50,25941ba90210bb9ec727bf05ca361858177c9a9ece42210dc0c1f8f264cdaa61
XAI_0237,6904,s0018/s0018_01938_0_0_0_0_1_01.png,s0018_01938_0_0_0_0_1_01.png,s0018,0,0,0,0,1,1,test,0,closed,True,0.9999999999676775,3.232248149687145e-11,True,0.9999999969518074,3.048192587229437e-09,True,0.9999179880469455,8.201195305446163e-05,True,0.9999893183839959,1.0681616004148964e-05,True,0.99993688929,6.311071e-05,True,0.9999980034165,1.9965835e-06,6,True,0.9999179880469455,0.9999736993428211,0.9999999999676775,029162df3bdcf1dc29e9ec79e28c710111d9899e3c63fc70ed9429c369870ab4,37,50,f28f21959bb347705934a8f69f071f8039eac35da1f4801c281a7f42aa96d507
XAI_0238,7403,s0018/s0018_02437_0_1_0_0_0_01.png,s0018_02437_0_1_0_0_0_01.png,s0018,0,0,1,0,0,1,test,0,closed,True,0.9925794322043658,0.0074205677956342,True,0.9730403926223516,0.0269596073776483,True,0.9789667185395957,0.0210332814604043,True,0.9427284263074399,0.0572715736925601,True,0.9993846102,0.0006153898,True,0.80840589,0.19159411,6,True,0.80840589,0.9491842449789587,0.9993846102,02922d01bea19517625f34b3bf1561ecba7d56f9e2bc0dfb6fd7e51ca58bddc0,38,50,f924f4a64532338f0470b3c9cdeaf9d60a7879c7740717d84264858a10e8bbfd
XAI_0239,7307,s0018/s0018_02341_0_1_0_0_0_01.png,s0018_02341_0_1_0_0_0_01.png,s0018,0,0,1,0,0,1,test,0,closed,True,0.9998255877435441,0.0001744122564559,True,0.9999999556094288,4.4390571218855264e-08,True,0.9999898172009125,1.0182799087488092e-05,True,0.9999975915511641,2.4084488359221723e-06,True,0.9999999961439516,3.8560484e-09,True,0.999996286558,3.713442e-06,6,True,0.9998255877435441,0.9999682058011669,0.9999999961439516,02cbf10b7cf8ff98b0d6d654c4ad3f66848b659ae0457b77351363413cfc0ae3,39,50,558a30a5ff082fb6545dfec82a6efbd7d7262a95c5009eeb7223e3b34c12cede
XAI_0240,7980,s0018/s0018_03014_0_1_0_2_1_01.png,s0018_03014_0_1_0_2_1_01.png,s0018,0,0,1,2,1,1,test,0,closed,True,0.9999998497744969,1.5022550314824914e-07,True,0.9999997823523898,2.1764761015674597e-07,True,0.9999991130152921,8.869847079040483e-07,True,0.9999989592550946,1.040744905367319e-06,True,0.9999998341781,1.658219e-07,True,0.99999955425866,4.4574134e-07,6,True,0.9999989592550946,0.9999995154723389,0.9999998497744969,02e6f73bde00ec7b87c3eefd918b8cf5312befc5971259eb0fc5641ec4073ab0,40,50,cde8aa8cb94893294cf96d9a6d0c1293733212339a17b535ab5c5898a3ea74bd
XAI_0241,6690,s0018/s0018_01724_0_0_0_0_1_01.png,s0018_01724_0_0_0_0_1_01.png,s0018,0,0,0,0,1,1,test,0,closed,True,0.9999996158637998,3.8413620018218353e-07,True,0.9998927731066943,0.0001072268933057,True,0.9999983699661925,1.6300338074870524e-06,True,0.9993993376847357,0.0006006623152643,True,0.999961328238,3.8671762e-05,True,0.9999984540086,1.5459914e-06,6,True,0.9993993376847357,0.9998749798113371,0.9999996158637998,02f07120b157476b5c8ce6d03f77149fc8c39fb7c6c18f6a35bc9ecbe0a2f35c,41,50,634bc03c28ba8aa57e70b45f86c6e3ce888fef6984eedc8d3ad30114df64f80e
XAI_0242,5087,s0018/s0018_00121_0_0_0_0_1_01.png,s0018_00121_0_0_0_0_1_01.png,s0018,0,0,0,0,1,1,test,0,closed,True,0.9999999680557465,3.1944253464644135e-08,True,0.999935664323857,6.433567614294589e-05,True,0.9999984450673765,1.554932623548666e-06,True,0.999417998478748,0.000582001521252,True,0.999987773487,1.2226513e-05,True,0.9999990052478,9.947522e-07,6,True,0.999417998478748,0.999889809110088,0.9999999680557465,02fd609b7f308cff761fefd3d78b895ebb01f7a072f324450c2fc00669ec846b,42,50,df313a5f02ad900019c32172096da497c902d3d8a1006fcd250f8d711e7ac58b
XAI_0243,5127,s0018/s0018_00161_0_0_0_0_1_01.png,s0018_00161_0_0_0_0_1_01.png,s0018,0,0,0,0,1,1,test,0,closed,True,0.9999767984772916,2.320152270840481e-05,True,0.9999982816283364,1.7183716636282045e-06,True,0.9999934751253932,6.524874606839148e-06,True,0.99999677804567,3.2219543300016085e-06,True,0.99985339463,0.00014660537,True,0.9999994680188,5.319812e-07,6,True,0.99985339463,0.9999696993209151,0.9999994680188,03048000a9a8b158488690bae8f222705795d1952279020ddafbc835599b1ae9,43,50,c69be02aed0c2da7347fd5a82ad2f87c71fe740c1170bd347f706bdf5630ced3
XAI_0244,7481,s0018/s0018_02515_0_1_0_2_1_01.png,s0018_02515_0_1_0_2_1_01.png,s0018,0,0,1,2,1,1,test,0,closed,True,0.9999996873019086,3.126980914203159e-07,True,0.9999999993529811,6.470188829155177e-10,True,0.9999999999042856,9.571438780442419e-11,True,0.9999967968935835,3.203106416549417e-06,True,0.999999967366563,3.2633437e-08,True,0.9999976300303,2.3699697e-06,6,True,0.9999967968935835,0.9999990134749369,0.9999999999042856,0306bb065c69430dc53cbc02e56ae442867fe0560736e2b396727b49f6a9db49,44,50,a99570756dcaa36c47ebaa40fa0d27861fb57d76de1f6d9815222d372ba51e6f
XAI_0245,8383,s0018/s0018_03417_0_1_0_0_0_01.png,s0018_03417_0_1_0_0_0_01.png,s0018,0,0,1,0,0,1,test,0,closed,True,0.9998269718780648,0.0001730281219352,True,0.9991635677870363,0.0008364322129637,True,0.9986915114568548,0.0013084885431453,True,0.9999920325726634,7.967427336552646e-06,True,0.9979790773,0.0020209227,True,0.99917375494,0.00082624506,6,True,0.9979790773,0.9991378193224366,0.9999920325726634,037598fe608adcdbb30bd84d642cab522571cd9d3bb567f389f4e1a23bb41530,45,50,f9f8adb3d1351b0490c761673c014f235c9e43b2bd0841b1816bce1f7b0772c2
XAI_0246,8125,s0018/s0018_03159_0_1_0_0_0_01.png,s0018_03159_0_1_0_0_0_01.png,s0018,0,0,1,0,0,1,test,0,closed,True,0.9999999688563221,3.114367785883587e-08,True,0.9999999999977955,2.204511746761728e-12,True,0.9999850934809729,1.49065190271358e-05,True,0.9995936118939426,0.0004063881060574,True,0.9999992471101,7.528899e-07,True,0.99980323248,0.00019676752,6,True,0.9995936118939426,0.9998968589698555,0.9999999999977955,038ae339a2b3a9d29a27204e724f86fc080ebc8857e88bc91ea0330c596cd85a,46,50,dc9d1784df3d7278ae4973e475b6da1cf10014abb17fcd877640f8d3569c4612
XAI_0247,8067,s0018/s0018_03101_0_1_0_0_0_01.png,s0018_03101_0_1_0_0_0_01.png,s0018,0,0,1,0,0,1,test,0,closed,True,0.9999632797298545,3.672027014545165e-05,True,0.9999435495665239,5.645043347612955e-05,True,0.9919772827997804,0.0080227172002196,True,0.9026213586330414,0.0973786413669586,True,0.99999985766678,1.4233322e-07,True,0.9999998623718,1.376282e-07,6,True,0.9026213586330414,0.9824175317946301,0.9999998623718,038f2596b0a4e90319ac00416e73ba94e247a7deb733da9889dea9d6c194ad4a,47,50,3169682250a836d52f624ad7adaf62dd2328749078f653cd6b23292a94a61c1a
XAI_0248,5584,s0018/s0018_00618_0_0_0_0_1_01.png,s0018_00618_0_0_0_0_1_01.png,s0018,0,0,0,0,1,1,test,0,closed,True,0.9999983035484092,1.6964515907602618e-06,True,0.9999999988954933,1.1045067083159663e-09,True,0.9999968381002873,3.161899712722516e-06,True,0.9999978578357513,2.142164248652989e-06,True,0.9999977066454,2.2933546e-06,True,0.99992791332,7.208668e-05,6,True,0.99992791332,0.9999864363908902,0.9999999988954933,0392ea2a1322a158245a1f4bce78f0690de06791605d1ecf316c77bf8aa10231,48,50,f56ea84184f9e135213f5cdcb9e55611c31c0691c9222e06507a1e73af136a9a
XAI_0249,6342,s0018/s0018_01376_0_0_0_0_0_01.png,s0018_01376_0_0_0_0_0_01.png,s0018,0,0,0,0,0,1,test,0,closed,True,0.999889700797212,0.0001102992027881,True,0.9999986835784966,1.316421503361198e-06,True,0.9999943684433674,5.631556632579304e-06,True,0.9999384384500445,6.156154995551333e-05,True,0.999998834869,1.165131e-06,True,0.99998425415,1.574585e-05,6,True,0.999889700797212,0.9999673800480201,0.999998834869,03a84eecabdb17e611a7836b9fb56a7791ba735bac0a864bb0156c98bf498b08,49,50,930792980b737fbfedc38534c20fd2574615153d034121b683f1ea0416b9abf6
XAI_0250,8180,s0018/s0018_03214_0_1_0_0_0_01.png,s0018_03214_0_1_0_0_0_01.png,s0018,0,0,1,0,0,1,test,0,closed,True,0.9999991095912719,8.904087280825479e-07,True,0.9999999911335617,8.866438250265674e-09,True,0.9999951365098241,4.86349017592147e-06,True,0.9999978923701747,2.107629825331969e-06,True,0.99999934314553,6.5685447e-07,True,0.9999980972815,1.9027185e-06,6,True,0.9999951365098241,0.999998261671977,0.9999999911335617,03a91349886139427c013de0ba6b06673becc3deff0f1d5150586dd5d75498b2,50,50,cc18fca33f0c04b323abe34cadfe774eeaa15094a9b813eff7277ddaa2807012
XAI_0251,1017,s0002/s0002_01018_0_0_1_0_0_01.png,s0002_01018_0_0_1_0_0_01.png,s0002,1,0,0,0,0,1,test,1,open,True,1.0,1.0,True,0.997794270515442,0.997794270515442,True,0.9893190264701844,0.9893190264701844,True,0.9930524230003356,0.9930524230003356,True,0.9999529,0.9999529,True,0.9917887,0.9917887,6,True,0.9893190264701844,0.995317886664327,1.0,03adc346d2e89469ddebd32c73d24a7ccd467a060a31f276098bf76ec49fa0e9,1,63,1696508b1bbcd2651278477dbcf805001e565ed5aca0357312f8d21d43619dc9
XAI_0252,1095,s0002/s0002_01096_0_0_1_0_0_01.png,s0002_01096_0_0_1_0_0_01.png,s0002,1,0,0,0,0,1,test,1,open,True,1.0,1.0,True,0.9999881982803344,0.9999881982803344,True,0.9999998807907104,0.9999998807907104,True,0.9999945163726808,0.9999945163726808,True,0.9999361,0.9999361,True,0.99998796,0.99998796,6,True,0.9999361,0.9999844425739544,1.0,061427cc238e9b7f6dbfef07403129609e0b708fc899300732b07e21d4a1e175,2,63,14c1e6c6c58a78cb8623364428b09b04c76bb896ffd742c761451dc008532dbb
XAI_0253,1077,s0002/s0002_01078_0_0_1_0_0_01.png,s0002_01078_0_0_1_0_0_01.png,s0002,1,0,0,0,0,1,test,1,open,True,1.0,1.0,True,0.9999953508377076,0.9999953508377076,True,0.9999997615814208,0.9999997615814208,True,0.9999908208847046,0.9999908208847046,True,0.99998283,0.99998283,True,0.99997544,0.99997544,6,True,0.99997544,0.9999907005506389,1.0,0826652ff56855e488142aab44225fcf8c9c59b824f8d31b60496fc5e442c0cb,3,63,9c139af1045e256b35e9a4bacd44454bdc5641cb1879b7f8c9ab629c1ec7b223
XAI_0254,1101,s0002/s0002_01102_0_0_1_0_0_01.png,s0002_01102_0_0_1_0_0_01.png,s0002,1,0,0,0,0,1,test,1,open,True,1.0,1.0,True,0.9999983310699464,0.9999983310699464,True,0.9999924898147584,0.9999924898147584,True,0.9999439716339112,0.9999439716339112,True,0.99999714,0.99999714,True,0.99997306,0.99997306,6,True,0.9999439716339112,0.9999841654197693,1.0,08e6f04dd48159281f061a7c270ecaf3271ee652c4efd4cfd28b10785677a590,4,63,49d23366b61db0a20296565c740f799b6fc28e65711d9f975c7bac2404acf9da
XAI_0255,1038,s0002/s0002_01039_0_0_1_0_0_01.png,s0002_01039_0_0_1_0_0_01.png,s0002,1,0,0,0,0,1,test,1,open,True,1.0,1.0,True,0.9996227025985718,0.9996227025985718,True,0.9995226860046388,0.9995226860046388,True,0.9999794960021972,0.9999794960021972,True,0.9999318,0.9999318,True,0.9987501,0.9987501,6,True,0.9987501,0.9996344641009012,1.0,0a1dfbf2588965b8e0edd246845d15bacd585df88b94597c50683652e5c98fc2,5,63,5f9b3a7fe44cac5fa3f3ff28ee0f0c71294291cd1dfff519b7fa985241a1a7b8
XAI_0256,1072,s0002/s0002_01073_0_0_1_0_0_01.png,s0002_01073_0_0_1_0_0_01.png,s0002,1,0,0,0,0,1,test,1,open,True,1.0,1.0,True,0.9999947547912598,0.9999947547912598,True,0.9999998807907104,0.9999998807907104,True,0.9999943971633912,0.9999943971633912,True,0.99999964,0.99999964,True,0.9999213,0.9999213,6,True,0.9999213,0.9999849954575604,1.0,0bcfdf458eb24cb011bd24a3e7925d62f1ff20cb707a212655e5725fc7f96976,6,63,7ede07a524c33c0f76e90f41a8ba9c3df2411d52a519e8708056da0e9a4cf749
XAI_0257,1109,s0002/s0002_01110_0_0_1_0_0_01.png,s0002_01110_0_0_1_0_0_01.png,s0002,1,0,0,0,0,1,test,1,open,True,1.0,1.0,True,0.9999985694885254,0.9999985694885254,True,1.0,1.0,True,0.9999674558639526,0.9999674558639526,True,0.9999825,0.9999825,True,0.9999534,0.9999534,6,True,0.9999534,0.9999836542254129,1.0,0fc51aaa87022f0cbfa0b478378d81c638ae4df29b36554609ba2ea25f59f410,7,63,d4c83d65956a4b27c35a12e66dfa9c672f5eb9ded65b402a3ca0e2e482bf0519
XAI_0258,1085,s0002/s0002_01086_0_0_1_0_0_01.png,s0002_01086_0_0_1_0_0_01.png,s0002,1,0,0,0,0,1,test,1,open,True,1.0,1.0,True,0.9999837875366212,0.9999837875366212,True,0.9999991655349731,0.9999991655349731,True,0.9999929666519164,0.9999929666519164,True,0.999998,0.999998,True,0.9999901,0.9999901,6,True,0.9999837875366212,0.9999940032872517,1.0,113e3c19d00e161326c7245f2000697bc04ddb8cbac5c7145961eef5623e36bb,8,63,ae6545aa7cdb8b981d708f019ff8109407747ba0bb799fa98e0e050e6cfc8079
XAI_0259,1030,s0002/s0002_01031_0_0_1_0_0_01.png,s0002_01031_0_0_1_0_0_01.png,s0002,1,0,0,0,0,1,test,1,open,True,1.0,1.0,True,0.9996808767318726,0.9996808767318726,True,0.9988524913787842,0.9988524913787842,True,0.999528169631958,0.999528169631958,True,0.9993451,0.9993451,True,0.9972898,0.9972898,6,True,0.9972898,0.9991160729571025,1.0,128318f8a903c4bf0b0ca6a0ba6d7586ede81cdf02396e6b464e8b70c81b0ef0,9,63,230e5d1d8dcfa10a036dc6992f6d26a858a14ff4964fdb6a17b79edc383700d0
XAI_0260,1068,s0002/s0002_01069_0_0_1_0_0_01.png,s0002_01069_0_0_1_0_0_01.png,s0002,1,0,0,0,0,1,test,1,open,True,1.0,1.0,True,0.9999902248382568,0.9999902248382568,True,1.0,1.0,True,0.9999194145202636,0.9999194145202636,True,0.9999964,0.9999964,True,0.9998617,0.9998617,6,True,0.9998617,0.9999612898930867,1.0,15b1854779a00cd7d0402dc1136372f77eaac53eb249ee4d68b239194041156b,10,63,9f749eca418c994ae33a032bdd35380793d90197b4d2c9407b767d6644bb6064
XAI_0261,1074,s0002/s0002_01075_0_0_1_0_0_01.png,s0002_01075_0_0_1_0_0_01.png,s0002,1,0,0,0,0,1,test,1,open,True,1.0,1.0,True,0.9999966621398926,0.9999966621398926,True,0.9999997615814208,0.9999997615814208,True,0.9999959468841552,0.9999959468841552,True,0.9999987,0.9999987,True,0.9999852,0.9999852,6,True,0.9999852,0.9999960451009114,1.0,209850833f006c7d63218489e7891f81bc519753432a97085d9afb9100772868,11,63,c2655d7032fbb4c2f88d5d5bbd38c2bfd843138554315895cc2ad852cd88fe8e
XAI_0262,1071,s0002/s0002_01072_0_0_1_0_0_01.png,s0002_01072_0_0_1_0_0_01.png,s0002,1,0,0,0,0,1,test,1,open,True,1.0,1.0,True,0.999987006187439,0.999987006187439,True,1.0,1.0,True,0.9999880790710448,0.9999880790710448,True,0.99995553,0.99995553,True,0.999884,0.999884,6,True,0.999884,0.9999691025430807,1.0,2153b91365355800f635076df1f1fc213b067a5bb694a5b51f3ee0800d42cbd5,12,63,72ecfbdeca13f78dd89385dc906088e10304af9d8ef249db2570baefa9e3c243
XAI_0263,1018,s0002/s0002_01019_0_0_1_0_0_01.png,s0002_01019_0_0_1_0_0_01.png,s0002,1,0,0,0,0,1,test,1,open,True,0.9999992847442628,0.9999992847442628,True,0.9996553659439088,0.9996553659439088,True,0.9969784021377563,0.9969784021377563,True,0.9987970590591432,0.9987970590591432,True,0.9898316,0.9898316,True,0.99907756,0.99907756,6,True,0.9898316,0.9973898786475118,0.9999992847442628,21dbda7e55150ac9e1d30cf609357de847f661478addf157a451d848db545865,13,63,2c2a91e01aa058e660c504526f08032f6da4b4dffc5d89da1634be5dc31495ed
XAI_0264,1106,s0002/s0002_01107_0_0_1_0_0_01.png,s0002_01107_0_0_1_0_0_01.png,s0002,1,0,0,0,0,1,test,1,open,True,1.0,1.0,True,0.9999933242797852,0.9999933242797852,True,0.9999998807907104,0.9999998807907104,True,0.9999891519546508,0.9999891519546508,True,0.99990606,0.99990606,True,0.99975985,0.99975985,6,True,0.99975985,0.9999413778375245,1.0,22aea36109b0ea100817b0501543b892d7fb631543400001cc674825d288f52d,14,63,4f4d78a86d74b9ce4f1aa7b43e0a85a24a65fb3b8bd0e5216969dbb1de9bfcec
XAI_0265,1061,s0002/s0002_01062_0_0_1_0_0_01.png,s0002_01062_0_0_1_0_0_01.png,s0002,1,0,0,0,0,1,test,1,open,True,0.9999995231628418,0.9999995231628418,True,0.9999336004257202,0.9999336004257202,True,0.9998959302902222,0.9998959302902222,True,0.9995936751365662,0.9995936751365662,True,0.99998784,0.99998784,True,0.9999846,0.9999846,6,True,0.9995936751365662,0.9998991948358918,0.9999995231628418,245663183303b9591c87d56af5bb8b55d0dc338d983e4bdfbe705159917948b9,15,63,6b68edff5334aa3b66ce483ec61572830ca45cca1d2030415cc5ffde21bdd41a
XAI_0266,1094,s0002/s0002_01095_0_0_1_0_0_01.png,s0002_01095_0_0_1_0_0_01.png,s0002,1,0,0,0,0,1,test,1,open,True,1.0,1.0,True,0.9999985694885254,0.9999985694885254,True,0.9999998807907104,0.9999998807907104,True,0.9999961853027344,0.9999961853027344,True,0.99999857,0.99999857,True,0.9999944,0.9999944,6,True,0.9999944,0.9999979342636617,1.0,24646e7b95d1c4b475dee68ebb5d08787ae8daad049c3555d799ff67897f0c16,16,63,ea5b9342c0a7824391051e6bfff47e46f55e90444836754e8312aab2a53d2e8d
XAI_0267,1073,s0002/s0002_01074_0_0_1_0_0_01.png,s0002_01074_0_0_1_0_0_01.png,s0002,1,0,0,0,0,1,test,1,open,True,1.0,1.0,True,0.999997615814209,0.999997615814209,True,0.9999997615814208,0.9999997615814208,True,0.9999865293502808,0.9999865293502808,True,0.99996686,0.99996686,True,0.99999964,0.99999964,6,True,0.99996686,0.9999917344576517,1.0,272356b2560a710fda7a9bd3406af921e78feb493a27efbe2f3b98e68c7dfe85,17,63,2b3ee5deae58b31af0b423f12548244b2b09541a07bc142f56b2b428fd450c05
XAI_0268,1044,s0002/s0002_01045_0_0_1_0_0_01.png,s0002_01045_0_0_1_0_0_01.png,s0002,1,0,0,0,0,1,test,1,open,True,0.999847173690796,0.999847173690796,True,0.998601734638214,0.998601734638214,True,0.997885286808014,0.997885286808014,True,0.9983168840408324,0.9983168840408324,True,0.9999889,0.9999889,True,0.99994314,0.99994314,6,True,0.997885286808014,0.9990971865296427,0.9999889,290b46d94c236bdcc79b8fd3bb5c7a3004d8ce7aa5ccedb37d590a1cdc8f210e,18,63,4e9a33f3978240304b4c37d0632c41c33941f41857bdbd49ff5a26ed839aa8a9
XAI_0269,1065,s0002/s0002_01066_0_0_1_0_0_01.png,s0002_01066_0_0_1_0_0_01.png,s0002,1,0,0,0,0,1,test,1,open,True,1.0,1.0,True,0.999987244606018,0.999987244606018,True,0.9999966621398926,0.9999966621398926,True,0.9998958110809326,0.9998958110809326,True,0.9999912,0.9999912,True,0.99989784,0.99989784,6,True,0.9998958110809326,0.9999614596378072,1.0,299464f06a5018fdce47501f0ed58d36fffc99803cf2a1300cf99c9d0cfb018b,19,63,1e026a49d9bed458f6bf2db88db6e661048094c1ca9032092431cecb74fe4487
XAI_0270,1011,s0002/s0002_01012_0_0_1_0_0_01.png,s0002_01012_0_0_1_0_0_01.png,s0002,1,0,0,0,0,1,test,1,open,True,0.9983879327774048,0.9983879327774048,True,0.9944392442703248,0.9944392442703248,True,0.954403042793274,0.954403042793274,True,0.9957603812217712,0.9957603812217712,True,0.995538,0.995538,True,0.99469477,0.99469477,6,True,0.954403042793274,0.9888705618437957,0.9983879327774048,2ae4d2cb61b5a429ba71c9912b73c5b528d0aff9b7ca28200649534fa033796c,20,63,9577c55bd0799b4847b8dab3864dc7bea3be5d4e4324bfe7a59fdb8a85f613d2
XAI_0271,1112,s0002/s0002_01113_0_0_1_0_0_01.png,s0002_01113_0_0_1_0_0_01.png,s0002,1,0,0,0,0,1,test,1,open,True,0.9788848757743835,0.9788848757743835,True,0.7865644097328186,0.7865644097328186,True,0.9216040968894958,0.9216040968894958,True,0.9554564952850342,0.9554564952850342,True,0.9863338,0.9863338,True,0.9985183,0.9985183,6,True,0.7865644097328186,0.9378936629469553,0.9985183,2c6fb0b04c23da9bd841359d5a56ca9596b346893165517bc054e24635755934,21,63,b9f838c7af6102d85bb85ac976cb4bb324977e4c4fd823fb00c26d3784150885
XAI_0272,1012,s0002/s0002_01013_0_0_1_0_0_01.png,s0002_01013_0_0_1_0_0_01.png,s0002,1,0,0,0,0,1,test,1,open,True,1.0,1.0,True,0.999519109725952,0.999519109725952,True,0.999194085597992,0.999194085597992,True,0.999660849571228,0.999660849571228,True,0.9998573,0.9998573,True,0.9991955,0.9991955,6,True,0.999194085597992,0.9995711408158621,1.0,2ce7e35eae429c41409473f0cb18f2d7400fce24a3370fd70a6a0ad39540b3b0,22,63,80daac071fb8269b2ab8afde98d709bf5603d550d05c85c0d12d3f1fd2bd0d35
XAI_0273,1058,s0002/s0002_01059_0_0_1_0_0_01.png,s0002_01059_0_0_1_0_0_01.png,s0002,1,0,0,0,0,1,test,1,open,True,0.9999178647994996,0.9999178647994996,True,0.9998661279678344,0.9998661279678344,True,0.9989606142044068,0.9989606142044068,True,0.9996800422668456,0.9996800422668456,True,0.99989295,0.99989295,True,0.9999429,0.9999429,6,True,0.9989606142044068,0.999710083206431,0.9999429,373de861b3bcc9994e0bcae96f0aa74ce10b5aed6c7549e8360a322f84518aa6,23,63,5d8216042d23d54b5e333acb32d0f87c6ab5e01f6c5dd30cf97d9a64a6ee9058
XAI_0274,1078,s0002/s0002_01079_0_0_1_0_0_01.png,s0002_01079_0_0_1_0_0_01.png,s0002,1,0,0,0,0,1,test,1,open,True,1.0,1.0,True,0.9999986886978148,0.9999986886978148,True,1.0,1.0,True,0.9999911785125732,0.9999911785125732,True,0.9999851,0.9999851,True,0.99999964,0.99999964,6,True,0.9999851,0.9999957678683981,1.0,378fd420e6b71907f8c4f77c437c9d0c22e7923bcab61759223ea24974af1b85,24,63,0399129a240f7713b515c2d9b015cb740293a1f22e3ccb231680f364e66980e0
XAI_0275,1100,s0002/s0002_01101_0_0_1_0_0_01.png,s0002_01101_0_0_1_0_0_01.png,s0002,1,0,0,0,0,1,test,1,open,True,1.0,1.0,True,0.9999864101409912,0.9999864101409912,True,0.9999487400054932,0.9999487400054932,True,0.999987244606018,0.999987244606018,True,0.99999666,0.99999666,True,0.9999733,0.9999733,6,True,0.9999487400054932,0.999982059125417,1.0,3a7bc1afb8fa708ab072c5ce7df885409b11be0b016403e226093f1c877fe428,25,63,498da618fb6cc6e50ce1e5dbe17e54fd68cfc26ebf77ce719f63b340220d0c29
XAI_0276,1034,s0002/s0002_01035_0_0_1_0_0_01.png,s0002_01035_0_0_1_0_0_01.png,s0002,1,0,0,0,0,1,test,1,open,True,0.969989538192749,0.969989538192749,True,0.9966829419136048,0.9966829419136048,True,0.980438470840454,0.980438470840454,True,0.9990443587303162,0.9990443587303162,True,0.9984654,0.9984654,True,0.9946577,0.9946577,6,True,0.969989538192749,0.9898797349461873,0.9990443587303162,3ff229c95ac7ad62b60f9c3b7969b9e1e981be843c745b40f683cbd172b1e1d6,26,63,197aeef881c4cd1095a2436b60a83b2b87d39f55bae235f56f8fe959a4a86d63
XAI_0277,1107,s0002/s0002_01108_0_0_1_0_0_01.png,s0002_01108_0_0_1_0_0_01.png,s0002,1,0,0,0,0,1,test,1,open,True,1.0,1.0,True,0.999996304512024,0.999996304512024,True,0.9999921321868896,0.9999921321868896,True,0.9999897480010986,0.9999897480010986,True,0.9999809,0.9999809,True,0.99968076,0.99968076,6,True,0.99968076,0.9999399741166686,1.0,40b4a9c9f3ca3f19af3f010f686ad494e34597523ff819db5de6bcdf373c9974,27,63,912e8784429c26f16a7f4b8d610e5a416df27ccbf49134874be6c7ae5c0fb951
XAI_0278,1062,s0002/s0002_01063_0_0_1_0_0_01.png,s0002_01063_0_0_1_0_0_01.png,s0002,1,0,0,0,0,1,test,1,open,True,0.9999997615814208,0.9999997615814208,True,0.9999107122421264,0.9999107122421264,True,0.9999998807907104,0.9999998807907104,True,0.9990365505218506,0.9990365505218506,True,0.9999654,0.9999654,True,0.9998472,0.9998472,6,True,0.9990365505218506,0.9997932508560181,0.9999998807907104,40e7a16e6c9d2202ec8861780d403e2fc325966186a9ea0ffdc66e5d0a03386c,28,63,177b4dd7895fc39a70fb1c1f9894b56cfe3f525b7d091c8292e4d6b5ec4f271c
XAI_0279,1015,s0002/s0002_01016_0_0_1_0_0_01.png,s0002_01016_0_0_1_0_0_01.png,s0002,1,0,0,0,0,1,test,1,open,True,0.9998958110809326,0.9998958110809326,True,0.9895079135894777,0.9895079135894777,True,0.9900218844413756,0.9900218844413756,True,0.994868278503418,0.994868278503418,True,0.9997937,0.9997937,True,0.99976736,0.99976736,6,True,0.9895079135894777,0.9956424912692006,0.9998958110809326,44bd9fd616141d9041d0139648bbb4f08227ff9d5f18eb3073e3d0e66da261fe,29,63,e75674a976f8dd80995ab41c16f825704e11f06bc26f25946fbcbc287bc0bc99
XAI_0280,1043,s0002/s0002_01044_0_0_1_0_0_01.png,s0002_01044_0_0_1_0_0_01.png,s0002,1,0,0,0,0,1,test,1,open,True,0.9987131357192992,0.9987131357192992,True,0.9935927987098694,0.9935927987098694,True,0.9791985750198364,0.9791985750198364,True,0.998770534992218,0.998770534992218,True,0.9967732,0.9967732,True,0.9968887,0.9968887,6,True,0.9791985750198364,0.9939894907402037,0.998770534992218,44be49d063062a1ffb32ba514eb2ff20d8f3587b9239d4b5ab6c031ebee34c8e,30,63,d695b87186be5a24a39836c5ea5a9f9f57d0e6ec2ab6e44cb9c09626a814caa3
XAI_0281,1070,s0002/s0002_01071_0_0_1_0_0_01.png,s0002_01071_0_0_1_0_0_01.png,s0002,1,0,0,0,0,1,test,1,open,True,1.0,1.0,True,0.9999762773513794,0.9999762773513794,True,1.0,1.0,True,0.9999834299087524,0.9999834299087524,True,0.9999678,0.9999678,True,0.9994992,0.9994992,6,True,0.9994992,0.999904451210022,1.0,458653773e7503eebd1eae74f252a3e861781f6ccf904bcd844ce82c1c044c68,31,63,b5d7b9c67334fd8a48ae3de84678e0575776c39aa92ce3ac046636f03b6293f2
XAI_0282,1097,s0002/s0002_01098_0_0_1_0_0_01.png,s0002_01098_0_0_1_0_0_01.png,s0002,1,0,0,0,0,1,test,1,open,True,0.999194324016571,0.999194324016571,True,0.9974930286407472,0.9974930286407472,True,0.956375539302826,0.956375539302826,True,0.9995001554489136,0.9995001554489136,True,0.9995565,0.9995565,True,0.9943996,0.9943996,6,True,0.956375539302826,0.9910865245681763,0.9995565,465f9ca92589e88c450e5808885ef07f9c6da83f71ed33913c4fd1aacb8e676c,32,63,872ecc45a5860f9591877a8fa61cef1a5795cfdd87482e7225af9e710424d80e
XAI_0283,1032,s0002/s0002_01033_0_0_1_0_0_01.png,s0002_01033_0_0_1_0_0_01.png,s0002,1,0,0,0,0,1,test,1,open,True,1.0,1.0,True,0.9997337460517884,0.9997337460517884,True,0.9970629811286926,0.9970629811286926,True,0.999897003173828,0.999897003173828,True,0.9999851,0.9999851,True,0.9998988,0.9998988,6,True,0.9970629811286926,0.9994296050590515,1.0,50ea12033c89676c02a57ac5739c3927a789cfd2dd11f6a7e774599cb739fe4a,33,63,a2d18da6e31e8a6ff6c6c3f23abe452da37136a7f7ebabdf6ef59a0bdb9438f9
XAI_0284,1064,s0002/s0002_01065_0_0_1_0_0_01.png,s0002_01065_0_0_1_0_0_01.png,s0002,1,0,0,0,0,1,test,1,open,True,1.0,1.0,True,0.9999970197677612,0.9999970197677612,True,0.9999997615814208,0.9999997615814208,True,0.999526858329773,0.999526858329773,True,0.9999416,0.9999416,True,0.9999975,0.9999975,6,True,0.999526858329773,0.9999104566131591,1.0,56d360b231b3d784a1afb3f25a633a8b6d24597b82f8f83bd1967c62edc583e9,34,63,95f960db80611f041fa8686565044437f581831dd9e1ad125c05ba0686ad094d
XAI_0285,1037,s0002/s0002_01038_0_0_1_0_0_01.png,s0002_01038_0_0_1_0_0_01.png,s0002,1,0,0,0,0,1,test,1,open,True,0.9979956150054932,0.9979956150054932,True,0.9926084876060486,0.9926084876060486,True,0.9849032163619996,0.9849032163619996,True,0.9959313273429872,0.9959313273429872,True,0.99897444,0.99897444,True,0.99838185,0.99838185,6,True,0.9849032163619996,0.9947991560527547,0.99897444,56e5fcedc00b2833a25db781a796883e9942aac7a5b24d16723c92a0364cd8c5,35,63,c17f8fa9b890b5d62a16472adbddb0707fcf284dbcc1168bd2145becdbebdc99
XAI_0286,1019,s0002/s0002_01020_0_0_1_0_0_01.png,s0002_01020_0_0_1_0_0_01.png,s0002,1,0,0,0,0,1,test,1,open,True,0.9999998807907104,0.9999998807907104,True,0.999914526939392,0.999914526939392,True,0.9999817609786988,0.9999817609786988,True,0.9986918568611144,0.9986918568611144,True,0.99998605,0.99998605,True,0.99998677,0.99998677,6,True,0.9986918568611144,0.9997601409283193,0.9999998807907104,586a6061998ea3cf624ec54ac839be6a5b6dc86a61eb22aa50ad61889a4763f5,36,63,4fd56590a2698304556287a525f08d53961bf63f64a1a96c31cc40fcfb6e6569
XAI_0287,1059,s0002/s0002_01060_0_0_1_0_0_01.png,s0002_01060_0_0_1_0_0_01.png,s0002,1,0,0,0,0,1,test,1,open,True,1.0,1.0,True,0.9993430972099304,0.9993430972099304,True,0.9994834661483764,0.9994834661483764,True,0.9991368651390076,0.9991368651390076,True,0.99980074,0.99980074,True,0.9999651,0.9999651,6,True,0.9991368651390076,0.9996215447495523,1.0,591d2846a4bb403dac9512dea83e746d500ea93b02910759f4db80b8f08d81c8,37,63,192d5fb76bff98c5a49a86ee1a3600258f89612a0e0217b7cdae7b4abdb2c1a5
XAI_0288,1098,s0002/s0002_01099_0_0_1_0_0_01.png,s0002_01099_0_0_1_0_0_01.png,s0002,1,0,0,0,0,1,test,1,open,True,1.0,1.0,True,0.9999922513961792,0.9999922513961792,True,0.9999998807907104,0.9999998807907104,True,0.999991774559021,0.999991774559021,True,0.99999845,0.99999845,True,0.99999547,0.99999547,6,True,0.999991774559021,0.9999963044576518,1.0,5b38571093b718e18db5f8e00b7cdc1248ddaad1c6d73fd046d0a650436fdeb5,38,63,ff91070811ee7e2b647809970a029c402ff4609e5c2af2dd46eb9dcad63be3dd
XAI_0289,1022,s0002/s0002_01023_0_0_1_0_0_01.png,s0002_01023_0_0_1_0_0_01.png,s0002,1,0,0,0,0,1,test,1,open,True,0.9976341724395752,0.9976341724395752,True,0.9987483024597168,0.9987483024597168,True,0.934088408946991,0.934088408946991,True,0.9984696507453918,0.9984696507453918,True,0.9984775,0.9984775,True,0.99936897,0.99936897,6,True,0.934088408946991,0.9877978340986124,0.99936897,5c03d02229ce558ef3ef4088e00cf51b5d89d4cd44263046d56e4409fdb5a6f7,39,63,b3fb23f21160d2f0e87d6e59b3dd35613a8ed9275635aa1b65bde8aba515539a
XAI_0290,1079,s0002/s0002_01080_0_0_1_0_0_01.png,s0002_01080_0_0_1_0_0_01.png,s0002,1,0,0,0,0,1,test,1,open,True,1.0,1.0,True,0.9999822378158568,0.9999822378158568,True,0.9999969005584716,0.9999969005584716,True,0.9999934434890748,0.9999934434890748,True,0.9998055,0.9998055,True,0.99997044,0.99997044,6,True,0.9998055,0.9999580869772339,1.0,61169bb964dd416582061c860f6efc87838629c20d26911344966bcd6dc4cd8e,40,63,f6e5750c508ae7af2484a810c9a66b6a1126303205bf510fa7627ab11c565971
XAI_0291,1104,s0002/s0002_01105_0_0_1_0_0_01.png,s0002_01105_0_0_1_0_0_01.png,s0002,1,0,0,0,0,1,test,1,open,True,1.0,1.0,True,0.9999898672103882,0.9999898672103882,True,1.0,1.0,True,0.9999949932098388,0.9999949932098388,True,0.9999471,0.9999471,True,0.99995315,0.99995315,6,True,0.9999471,0.9999808517367045,1.0,6a71af45a6d31f7a9c3665ac61837d7cc6de9239006ab844eb74833ef3561736,41,63,8235ffb51f81dd67f898cfb28853c9b4d4b4a32aa9a985af1435a03fe6972968
XAI_0292,1088,s0002/s0002_01089_0_0_1_0_0_01.png,s0002_01089_0_0_1_0_0_01.png,s0002,1,0,0,0,0,1,test,1,open,True,1.0,1.0,True,0.9999984502792358,0.9999984502792358,True,1.0,1.0,True,0.9999769926071168,0.9999769926071168,True,0.9999925,0.9999925,True,0.9999994,0.9999994,6,True,0.9999769926071168,0.9999945571477254,1.0,6d92670f55f71974798bf2ff5f268c2ef56f8cfee5cfac231a44217b519ea55e,42,63,cd217d7e421a1c2188216e180711ee41abf30654e3321dd2df02162c2cb9fb5a
XAI_0293,1050,s0002/s0002_01051_0_0_1_0_0_01.png,s0002_01051_0_0_1_0_0_01.png,s0002,1,0,0,0,0,1,test,1,open,True,1.0,1.0,True,0.9998052716255188,0.9998052716255188,True,0.9884213209152222,0.9884213209152222,True,0.9998549222946168,0.9998549222946168,True,0.999313,0.999313,True,0.9994678,0.9994678,6,True,0.9884213209152222,0.9978103858058929,1.0,6e2729b765ee37544f22a0b1f2ca81b06a528a7a32d354ad7b6afa051c48b5ce,43,63,743bdac2043bf5dd446da6a99c7ceb53cabf0f2ce1841410bd40a06441b83efb
XAI_0294,1010,s0002/s0002_01011_0_0_1_0_0_01.png,s0002_01011_0_0_1_0_0_01.png,s0002,1,0,0,0,0,1,test,1,open,True,0.9665786027908324,0.9665786027908324,True,0.995305061340332,0.995305061340332,True,0.9620770812034608,0.9620770812034608,True,0.9815603494644164,0.9815603494644164,True,0.9818522,0.9818522,True,0.9936221,0.9936221,6,True,0.9620770812034608,0.9801658991331735,0.995305061340332,6f1f0f7c927226c42ac7f5858ec074bf1ef06eef4e86b59188abff62d4d5b4f0,44,63,d78a7d1f3a93bcec038c522332db68b2eefda44ae18c0d99566b0bef1f603f72
XAI_0295,1055,s0002/s0002_01056_0_0_1_0_0_01.png,s0002_01056_0_0_1_0_0_01.png,s0002,1,0,0,0,0,1,test,1,open,True,1.0,1.0,True,0.9993255138397216,0.9993255138397216,True,0.999891757965088,0.999891757965088,True,0.9992808699607848,0.9992808699607848,True,0.99996364,0.99996364,True,0.999962,0.999962,6,True,0.9992808699607848,0.9997372969609324,1.0,7059a0671830491d0d930dbf6db6b9860ce3c7a077abf415bde79bc59cdef153,45,63,9144e7010cfccde8fd6cd3a2477d2847bd50334c2470dcf314692ffdbbbaa693
XAI_0296,1026,s0002/s0002_01027_0_0_1_0_0_01.png,s0002_01027_0_0_1_0_0_01.png,s0002,1,0,0,0,0,1,test,1,open,True,0.9999148845672609,0.9999148845672609,True,0.9994361996650696,0.9994361996650696,True,0.991844117641449,0.991844117641449,True,0.9973360896110536,0.9973360896110536,True,0.99898297,0.99898297,True,0.99204236,0.99204236,6,True,0.991844117641449,0.9965927702474722,0.9999148845672609,70e9a5d92cf69dec0722441214824aa659fefde0582cb14a5509093045a98599,46,63,1c87ab60552e94e500d6ec4c646947a807e6f772abc347be3a6d705c5e256ad6
XAI_0297,1028,s0002/s0002_01029_0_0_1_0_0_01.png,s0002_01029_0_0_1_0_0_01.png,s0002,1,0,0,0,0,1,test,1,open,True,1.0,1.0,True,0.9999212026596068,0.9999212026596068,True,0.9977142810821532,0.9977142810821532,True,0.9998193383216858,0.9998193383216858,True,0.9999722,0.9999722,True,0.9964921,0.9964921,6,True,0.9964921,0.9989865203439078,1.0,72676a99e578229920809e5c5bd1317c027ebafd493e351b2f632d117a50486e,47,63,a7ba79b38e5046e9f7d0d7e9fd47a01bb3d622b752d6868568999d1c7454809e
XAI_0298,1035,s0002/s0002_01036_0_0_1_0_0_01.png,s0002_01036_0_0_1_0_0_01.png,s0002,1,0,0,0,0,1,test,1,open,True,0.999997615814209,0.999997615814209,True,0.9992290735244752,0.9992290735244752,True,0.9999628067016602,0.9999628067016602,True,0.9999374151229858,0.9999374151229858,True,0.9984819,0.9984819,True,0.9945682,0.9945682,6,True,0.9945682,0.9986961685272217,0.999997615814209,746b0cef3b4986a99b541f3b01d1bcd44f7f41d47825d4e1db18341b5cb0a9ce,48,63,2f42ec7b799b4515faf87426d068a911bbffddccdfc5d1d5209eafb30d56fad4
XAI_0299,1048,s0002/s0002_01049_0_0_1_0_0_01.png,s0002_01049_0_0_1_0_0_01.png,s0002,1,0,0,0,0,1,test,1,open,True,0.9998794794082642,0.9998794794082642,True,0.9951854348182678,0.9951854348182678,True,0.9841274619102478,0.9841274619102478,True,0.9819721579551696,0.9819721579551696,True,0.9993162,0.9993162,True,0.9964149,0.9964149,6,True,0.9819721579551696,0.9928159390153249,0.9998794794082642,7b8cc16e78e8cf78a27b4a28c3e209e6edc5b67d921b3ca8b56389e0e497d591,49,63,341f412efd2b89b29d0cc6948c05a666f8cd35ccb9d231d3fabf8fba9105ae9b
XAI_0300,1102,s0002/s0002_01103_0_0_1_0_0_01.png,s0002_01103_0_0_1_0_0_01.png,s0002,1,0,0,0,0,1,test,1,open,True,1.0,1.0,True,0.99998140335083,0.99998140335083,True,1.0,1.0,True,0.9999898672103882,0.9999898672103882,True,0.99999046,0.99999046,True,0.9999685,0.9999685,6,True,0.9999685,0.9999883717602032,1.0,84f61597fe58ef16403a74f87f5441d32d7903fe895aa13093773ac2205d1e1b,50,63,24f2b459cbc4769aa4595a5b86522447868e25499a10e81623d5d3c4810d98fd
XAI_0301,1113,s0002/s0002_01114_0_0_1_0_0_01.png,s0002_01114_0_0_1_0_0_01.png,s0002,1,0,0,0,0,1,test,1,open,True,0.9950724244117736,0.9950724244117736,True,0.9979739785194396,0.9979739785194396,True,0.9759014844894408,0.9759014844894408,True,0.9995900988578796,0.9995900988578796,True,0.9999863,0.9999863,True,0.9907059,0.9907059,6,True,0.9759014844894408,0.9932050310464223,0.9999863,8d7cac05fb68908e0c8a498f7a8b2ab9fe601acad0c12175ce83b5510947194a,51,63,d01cbf2b99d5a7d02f6a8ee3380960a6c53dfae84adedbf5b8e9faf80c1d57cb
XAI_0302,1090,s0002/s0002_01091_0_0_1_0_0_01.png,s0002_01091_0_0_1_0_0_01.png,s0002,1,0,0,0,0,1,test,1,open,True,1.0,1.0,True,0.9999994039535522,0.9999994039535522,True,0.9999991655349731,0.9999991655349731,True,0.9999890327453612,0.9999890327453612,True,0.99999905,0.99999905,True,0.9999995,0.9999995,6,True,0.9999890327453612,0.9999976920389811,1.0,8de6dd00ab2bbb9a304ef4e1c44b783d3f3a6a61c3da9984c3aa462b065bf6bc,52,63,b1b1d5687b67afd770f4b7a6a288cafb547e4ff00840129323b4c41da67cd6f6
XAI_0303,1051,s0002/s0002_01052_0_0_1_0_0_01.png,s0002_01052_0_0_1_0_0_01.png,s0002,1,0,0,0,0,1,test,1,open,True,0.999975085258484,0.999975085258484,True,0.9991409778594972,0.9991409778594972,True,0.9991299510002136,0.9991299510002136,True,0.9998263716697692,0.9998263716697692,True,0.99997413,0.99997413,True,0.9999372,0.9999372,6,True,0.9991299510002136,0.9996639526313272,0.999975085258484,9456b69dc8c2ed34a9dce8537ba44e0239c2326488d769a7fd00ff00c12ff82f,53,63,ac1036469b03a871c4f1a0dfa62f3bd79d0d0e3f59b4fefbf60656eb96a14746
XAI_0304,1075,s0002/s0002_01076_0_0_1_0_0_01.png,s0002_01076_0_0_1_0_0_01.png,s0002,1,0,0,0,0,1,test,1,open,True,1.0,1.0,True,0.9999700784683228,0.9999700784683228,True,0.9998823404312134,0.9998823404312134,True,0.999986171722412,0.999986171722412,True,0.99993145,0.99993145,True,0.9999924,0.9999924,6,True,0.9998823404312134,0.9999604067703247,1.0,95f68e33ef0179e547233a8cf4898c89f8fb2ef405402d757c001a49aa8a6a38,54,63,c5f1421ca2b0923df020131940316e4ccf5ada34d5d742ce95fa97bff35f6471
XAI_0305,1036,s0002/s0002_01037_0_0_1_0_0_01.png,s0002_01037_0_0_1_0_0_01.png,s0002,1,0,0,0,0,1,test,1,open,True,0.999991774559021,0.999991774559021,True,0.9985365867614746,0.9985365867614746,True,0.9998334646224976,0.9998334646224976,True,0.9982826709747314,0.9982826709747314,True,0.9988545,0.9988545,True,0.9993524,0.9993524,6,True,0.9982826709747314,0.9991418994862875,0.999991774559021,9c6c0bea6eed1c2921eeb4a5b392998f383bfa24538e8d9cb3d2f1c6cdb04ea3,55,63,075e2bc599568911d8fd7e3f667efb6cf99aa03aee82384af171478473cec190
XAI_0306,1076,s0002/s0002_01077_0_0_1_0_0_01.png,s0002_01077_0_0_1_0_0_01.png,s0002,1,0,0,0,0,1,test,1,open,True,1.0,1.0,True,0.999996781349182,0.999996781349182,True,0.9999290704727172,0.9999290704727172,True,0.9999711513519288,0.9999711513519288,True,0.99999976,0.99999976,True,0.999997,0.999997,6,True,0.9999290704727172,0.9999822938623047,1.0,9e2dca0d2eb1516c3f6090a59f84f9ddedfd397bbc0b45d56c1bb7a1467c4477,56,63,2bbb78761f3a638312f9ecb15ded9433fdee917b3c2e8cb3c1e63fe01058aa51
XAI_0307,1103,s0002/s0002_01104_0_0_1_0_0_01.png,s0002_01104_0_0_1_0_0_01.png,s0002,1,0,0,0,0,1,test,1,open,True,0.9999998807907104,0.9999998807907104,True,0.9999959468841552,0.9999959468841552,True,0.9999995231628418,0.9999995231628418,True,0.9999972581863404,0.9999972581863404,True,0.99995244,0.99995244,True,0.9999479,0.9999479,6,True,0.9999479,0.9999821581706746,0.9999998807907104,a6462c95bb3078ff71b6caeff4b1b3f6d2a129108492344fba3003bbb568fe83,57,63,722ec3c884470079b8fc288fb2a7af101c6b74234b444f10384ab7ccd746b7ef
XAI_0308,1110,s0002/s0002_01111_0_0_1_0_0_01.png,s0002_01111_0_0_1_0_0_01.png,s0002,1,0,0,0,0,1,test,1,open,True,1.0,1.0,True,0.999800145626068,0.999800145626068,True,0.9999840259552002,0.9999840259552002,True,0.9999619722366332,0.9999619722366332,True,0.99921274,0.99921274,True,0.9968393,0.9968393,6,True,0.9968393,0.9992996973029836,1.0,b77f1b5a80b777c6e428515784f5ba5c5bae14a7fdae2fdb70a44cb9550c07a7,58,63,81dbcf8a9a847babbfae532c32e21bfd65aec67f16380c9bf274404274bcad61
XAI_0309,1042,s0002/s0002_01043_0_0_1_0_0_01.png,s0002_01043_0_0_1_0_0_01.png,s0002,1,0,0,0,0,1,test,1,open,True,0.9999794960021972,0.9999794960021972,True,0.9975298047065736,0.9975298047065736,True,0.9987130165100098,0.9987130165100098,True,0.9991044402122498,0.9991044402122498,True,0.99964213,0.99964213,True,0.99768114,0.99768114,6,True,0.9975298047065736,0.9987750045718383,0.9999794960021972,b90fe28d592a19dd128c141da7998f41f6a28464c518b41b7c774cf008379261,59,63,3bcdb40637c376213676031bb176c70ad1c95df85693c0e1b800097ba35e55a3
XAI_0310,1105,s0002/s0002_01106_0_0_1_0_0_01.png,s0002_01106_0_0_1_0_0_01.png,s0002,1,0,0,0,0,1,test,1,open,True,1.0,1.0,True,0.9999991655349731,0.9999991655349731,True,0.9999895095825196,0.9999895095825196,True,0.9999951124191284,0.9999951124191284,True,0.9999887,0.9999887,True,0.99998903,0.99998903,6,True,0.9999887,0.9999935862561036,1.0,ba081f469294bad56a139dd07cfca71c8b6516781c6ae0bd9a11985d5b4ec600,60,63,9001064e0032ae12e2cc28e8d47ebff6677bb202c9463a62a071ff5651453c62
XAI_0311,1066,s0002/s0002_01067_0_0_1_0_0_01.png,s0002_01067_0_0_1_0_0_01.png,s0002,1,0,0,0,0,1,test,1,open,True,1.0,1.0,True,0.9999923706054688,0.9999923706054688,True,0.99998676776886,0.99998676776886,True,0.9998188614845276,0.9998188614845276,True,0.9995907,0.9995907,True,0.99957687,0.99957687,6,True,0.99957687,0.999827594976476,1.0,ba834d24aceac0d3b0d7027e27c119c0e66bb9515a9afabbf3c1c0aef2bb8307,61,63,8f802d1d7a79723865037907731dd1b568f26ac629c6b6a843a4a2d2082eb64f
XAI_0312,1060,s0002/s0002_01061_0_0_1_0_0_01.png,s0002_01061_0_0_1_0_0_01.png,s0002,1,0,0,0,0,1,test,1,open,True,0.9999998807907104,0.9999998807907104,True,0.9998421669006348,0.9998421669006348,True,0.9993357062339784,0.9993357062339784,True,0.9999179840087892,0.9999179840087892,True,0.9997371,0.9997371,True,0.99990463,0.99990463,6,True,0.9993357062339784,0.9997895779890187,0.9999998807907104,bd8b961ebed5a295f197f24db51be89a177c6b9730e2889b4143af8c855bd1bd,62,63,ce8479680698893af5bf912a6c94350791bb5b1965118da4415eeee19942485c
XAI_0313,1080,s0002/s0002_01081_0_0_1_0_0_01.png,s0002_01081_0_0_1_0_0_01.png,s0002,1,0,0,0,0,1,test,1,open,True,1.0,1.0,True,0.9999988079071044,0.9999988079071044,True,0.999929904937744,0.999929904937744,True,0.9999960660934448,0.9999960660934448,True,0.99999666,0.99999666,True,0.9999995,0.9999995,6,True,0.999929904937744,0.9999868231563823,1.0,beeb8fa8cc083368611344f4693faff30da9a06c57333586a9e5401ad29342e2,63,63,9a1c85bd72b09df7cea766439c6e454ca9eed0ceddfe4adf21ea3107a4a64a4b
XAI_0314,2737,s0015/s0015_00792_0_0_1_0_1_01.png,s0015_00792_0_0_1_0_1_01.png,s0015,1,0,0,0,1,1,test,1,open,True,1.0,1.0,True,0.9999898672103882,0.9999898672103882,True,0.9999954700469972,0.9999954700469972,True,0.9999769926071168,0.9999769926071168,True,0.99999857,0.99999857,True,0.99999666,0.99999666,6,True,0.9999769926071168,0.9999929266440836,1.0,00b84a1beff85e2ecfa1f07fbd80b4c38e9ab19bf8d1c00f1dae45240bf51833,1,63,04827c1b8cc234df5c190a315c37fd781572dc7ecfba6bcf227c2ff65fd9244b
XAI_0315,2867,s0015/s0015_00922_0_0_1_0_1_01.png,s0015_00922_0_0_1_0_1_01.png,s0015,1,0,0,0,1,1,test,1,open,True,1.0,1.0,True,0.9999997615814208,0.9999997615814208,True,1.0,1.0,True,0.9999997615814208,0.9999997615814208,True,0.9999995,0.9999995,True,0.9999689,0.9999689,6,True,0.9999689,0.9999946538604737,1.0,011d77714c5c5d78046d5b94c08bc7060250187e329397a304527c6ae5dc0910,2,63,b207244d1e5ffd73a9626412a3eabdc00c9fbe31c75ec06a9521b247dbb3f36b
XAI_0316,3014,s0015/s0015_01069_0_0_1_0_0_01.png,s0015_01069_0_0_1_0_0_01.png,s0015,1,0,0,0,0,1,test,1,open,True,0.9988883137702942,0.9988883137702942,True,0.9926009774208068,0.9926009774208068,True,0.9950858950614928,0.9950858950614928,True,0.994296133518219,0.994296133518219,True,0.98101074,0.98101074,True,0.99404943,0.99404943,6,True,0.98101074,0.9926552482951356,0.9988883137702942,036c7295e9b3204dd6beb57798bca1871924df30789dc3b13618cb2b39392923,3,63,f32f0d42aef2441764df209c887c793cee043e0c83039e682ebecc8082ad692a
XAI_0317,2855,s0015/s0015_00910_0_0_1_0_1_01.png,s0015_00910_0_0_1_0_1_01.png,s0015,1,0,0,0,1,1,test,1,open,True,1.0,1.0,True,0.9999990463256836,0.9999990463256836,True,1.0,1.0,True,0.9999998807907104,0.9999998807907104,True,1.0,1.0,True,0.9999819,0.9999819,6,True,0.9999819,0.999996804519399,1.0,048ed86a937c08234871c7e590b625142c1af4d3728a04a2e6d0ca9c6309d8b6,4,63,9fe7915a0962eaaa19d7caf3280daa12ec18ad698443a65a2c87652e2aa930f8
XAI_0318,2972,s0015/s0015_01027_0_0_1_0_0_01.png,s0015_01027_0_0_1_0_0_01.png,s0015,1,0,0,0,0,1,test,1,open,True,0.9958406090736388,0.9958406090736388,True,0.9999183416366576,0.9999183416366576,True,0.999827206134796,0.999827206134796,True,0.9997547268867492,0.9997547268867492,True,0.99445134,0.99445134,True,0.9955401,0.9955401,6,True,0.99445134,0.9975553872886403,0.9999183416366576,0513b0dd4fe83fd4320aba6510822610a22fb86cfde9bbcc4cb4de575e4c8796,5,63,b767fef07b5c40f7712e0290555492636ff9519c6ef073cd33ff34e6703bf126
XAI_0319,2941,s0015/s0015_00996_0_0_1_0_1_01.png,s0015_00996_0_0_1_0_1_01.png,s0015,1,0,0,0,1,1,test,1,open,True,0.99997878074646,0.99997878074646,True,0.9996160268783568,0.9996160268783568,True,0.9950931072235109,0.9950931072235109,True,0.9998598098754884,0.9998598098754884,True,0.999703,0.999703,True,0.9997911,0.9997911,6,True,0.9950931072235109,0.9990069707873027,0.99997878074646,061fd05ce66c026343f9ba1a70054da3f848444a881bf57d1a89fe8bfb2b92b7,6,63,9b91c979a61cc4c20a22408ade7121c46f9474db22d030f99701e345d6a0fbc3
XAI_0320,3005,s0015/s0015_01060_0_0_1_0_1_01.png,s0015_01060_0_0_1_0_1_01.png,s0015,1,0,0,0,1,1,test,1,open,True,1.0,1.0,True,0.999998927116394,0.999998927116394,True,1.0,1.0,True,0.9999979734420776,0.9999979734420776,True,0.99999845,0.99999845,True,0.9999994,0.9999994,6,True,0.9999979734420776,0.9999991250930785,1.0,06c966ebb435b21bf32c09fc384d81f923392af36409a4ce28209f37a6ec4a61,7,63,abd20714129e1abd3fea0b7942466d4481ff29b713f038b19d22f171f5bed3f8
XAI_0321,2780,s0015/s0015_00835_0_0_1_0_1_01.png,s0015_00835_0_0_1_0_1_01.png,s0015,1,0,0,0,1,1,test,1,open,True,0.9999992847442628,0.9999992847442628,True,0.9999946355819702,0.9999946355819702,True,0.9997878670692444,0.9997878670692444,True,0.999984622001648,0.999984622001648,True,0.9999739,0.9999739,True,0.9999907,0.9999907,6,True,0.9997878670692444,0.9999551682328541,0.9999992847442628,0717ac696c6ac1860a2954368e08f4256382e90723217d63e823d61a9d725651,8,63,f98a5167dd24cf1ad02bf5ccf294a559b36e45907d381976b617d5d84b18aea5
XAI_0322,2853,s0015/s0015_00908_0_0_1_0_1_01.png,s0015_00908_0_0_1_0_1_01.png,s0015,1,0,0,0,1,1,test,1,open,True,1.0,1.0,True,0.9999985694885254,0.9999985694885254,True,1.0,1.0,True,0.9999997615814208,0.9999997615814208,True,0.9999999,0.9999999,True,0.99997246,0.99997246,6,True,0.99997246,0.9999951151783243,1.0,07fc4f02acd95d778adbf18683ce2a58ef48746481d1aed92f6a30336d261c7a,9,63,de95c2e46f6bd365bb99e30e7a99f348362a8e55fa248734d65d25d6a01c66db
XAI_0323,2983,s0015/s0015_01038_0_0_1_0_1_01.png,s0015_01038_0_0_1_0_1_01.png,s0015,1,0,0,0,1,1,test,1,open,True,1.0,1.0,True,0.9999438524246216,0.9999438524246216,True,0.9999997615814208,0.9999997615814208,True,0.9999849796295166,0.9999849796295166,True,0.9999944,0.9999944,True,0.9999999,0.9999999,6,True,0.9999438524246216,0.9999871489392599,1.0,081bc4cf34b5ba62411bc69741f060f36fa6cb97849058778b7735bcf1fa813e,10,63,0d2cbf44701e59ec0485d77c82c0d4ae241beb76a90154c90ebb3fc049dd6444
XAI_0324,2815,s0015/s0015_00870_0_0_1_0_1_01.png,s0015_00870_0_0_1_0_1_01.png,s0015,1,0,0,0,1,1,test,1,open,True,0.9999992847442628,0.9999992847442628,True,0.9998670816421508,0.9998670816421508,True,0.9980134963989258,0.9980134963989258,True,0.9994654059410096,0.9994654059410096,True,0.9997789,0.9997789,True,0.9998666,0.9998666,6,True,0.9980134963989258,0.9994984614543915,0.9999992847442628,0889d7004caed3ac2154985647c7772cad32bebc183e3277fda793b2f8e93238,11,63,486c86918bf2917e452ffd8d3039bf90f36029db5e44af60e99807a229951eb4
XAI_0325,2964,s0015/s0015_01019_0_0_1_0_1_01.png,s0015_01019_0_0_1_0_1_01.png,s0015,1,0,0,0,1,1,test,1,open,True,1.0,1.0,True,0.9999812841415404,0.9999812841415404,True,0.9999498128890992,0.9999498128890992,True,0.9999325275421144,0.9999325275421144,True,0.9999981,0.9999981,True,0.99999845,0.99999845,6,True,0.9999325275421144,0.9999766957621256,1.0,08c4e4a1e530d6b85c846a117cf59f44055e08fab96ce071f5e98d538151416c,12,63,8cf1c04a815cfe2640555237bc4d382545dc227d80158bc78cf9a391370e2c18
XAI_0326,2809,s0015/s0015_00864_0_0_1_0_1_01.png,s0015_00864_0_0_1_0_1_01.png,s0015,1,0,0,0,1,1,test,1,open,True,0.9999949932098388,0.9999949932098388,True,0.99982088804245,0.99982088804245,True,0.9996320009231568,0.9996320009231568,True,0.9999207258224488,0.9999207258224488,True,0.99999547,0.99999547,True,0.99999547,0.99999547,6,True,0.9996320009231568,0.999893257999649,0.99999547,0926ff7ed220e29430e0cdf29c96ea11e5e8da7d88af27df7098e91639332e5b,13,63,c8823c442171adb0d715ba15812afe5fae76eb01723cdf9193da44203cd334fe
XAI_0327,2804,s0015/s0015_00859_0_0_1_0_1_01.png,s0015_00859_0_0_1_0_1_01.png,s0015,1,0,0,0,1,1,test,1,open,True,0.9999837875366212,0.9999837875366212,True,0.9995619654655457,0.9995619654655457,True,0.9962020516395568,0.9962020516395568,True,0.9986525177955629,0.9986525177955629,True,0.9994999,0.9994999,True,0.99948466,0.99948466,6,True,0.9962020516395568,0.9988974804062144,0.9999837875366212,0b68982f4fb9ca6af174bcec48e6c1c2124702d9f5356792e8f9d2f3563013f4,14,63,216a4835f4cfeceace7f7d29772a76a5ab21a779b13ec85a431d50dc456ca7cd
XAI_0328,2886,s0015/s0015_00941_0_0_1_0_1_01.png,s0015_00941_0_0_1_0_1_01.png,s0015,1,0,0,0,1,1,test,1,open,True,1.0,1.0,True,0.9999994039535522,0.9999994039535522,True,1.0,1.0,True,0.9999996423721312,0.9999996423721312,True,0.999998,0.999998,True,1.0,1.0,6,True,0.999998,0.9999995077209473,1.0,0be7d2a1cabac2de66c0aad9799f9b600e32cfe6c8ceee8e74d15dfecc665745,15,63,78274a81b233b3f1e7b8adabc01bf6db2d946bdf5de1636e4406f489dd226c4f
XAI_0329,2967,s0015/s0015_01022_0_0_1_0_1_01.png,s0015_01022_0_0_1_0_1_01.png,s0015,1,0,0,0,1,1,test,1,open,True,0.9994895458221436,0.9994895458221436,True,0.992483913898468,0.992483913898468,True,0.9974380731582642,0.9974380731582642,True,0.9998550415039062,0.9998550415039062,True,0.99999034,0.99999034,True,0.99999225,0.99999225,6,True,0.992483913898468,0.998208194063797,0.99999225,0c0f46cee1c322e8fd919609a7371059e4ebff5b055c18890f96806ec81586d3,16,63,b851b834cd95c7383258b2d8a2f46b060084624f3f2e78add00b9ebbe315352b
XAI_0330,3063,s0015/s0015_01118_0_0_1_0_1_01.png,s0015_01118_0_0_1_0_1_01.png,s0015,1,0,0,0,1,1,test,1,open,True,1.0,1.0,True,0.9999991655349731,0.9999991655349731,True,0.9999996423721312,0.9999996423721312,True,0.9999760389328004,0.9999760389328004,True,0.9999887,0.9999887,True,0.9999908,0.9999908,6,True,0.9999760389328004,0.9999923911399842,1.0,0c2db05fc5378cf6fd5886a89b4c162c2d84ada9036ae5078186ed6c2a83048d,17,63,712cece0af4f0bf378cb8a685689a448ac9d03043e8d29232970e8e13ca7dbbb
XAI_0331,2940,s0015/s0015_00995_0_0_1_0_1_01.png,s0015_00995_0_0_1_0_1_01.png,s0015,1,0,0,0,1,1,test,1,open,True,0.9999948740005492,0.9999948740005492,True,0.9999754428863524,0.9999754428863524,True,0.9999336004257202,0.9999336004257202,True,0.999944806098938,0.999944806098938,True,0.9999683,0.9999683,True,0.99998784,0.99998784,6,True,0.9999336004257202,0.99996747723526,0.9999948740005492,0ca0322389a9fbe296bd5a23a9bfedd7dbb17fd95317c3b6f5a885b17a4f8cbf,18,63,151fd25b4527509e709bf0ac4239377be1a614903def76b4214d999d36cfe5e0
XAI_0332,2923,s0015/s0015_00978_0_0_1_0_1_01.png,s0015_00978_0_0_1_0_1_01.png,s0015,1,0,0,0,1,1,test,1,open,True,1.0,1.0,True,0.999990940093994,0.999990940093994,True,0.9999998807907104,0.9999998807907104,True,0.9999992847442628,0.9999992847442628,True,0.9999417,0.9999417,True,0.99874854,0.99874854,6,True,0.99874854,0.9997800576048279,1.0,0d5678b762d11b205b0682a1acbf37304b44d0b4df2d8a5931f2a8ff906ce16a,19,63,495cddc75dc7894478e9ed659dfc1d3d1f643329e29768c95e3ca91356cd57fb
XAI_0333,2906,s0015/s0015_00961_0_0_1_0_1_01.png,s0015_00961_0_0_1_0_1_01.png,s0015,1,0,0,0,1,1,test,1,open,True,1.0,1.0,True,0.9999984502792358,0.9999984502792358,True,1.0,1.0,True,0.9999998807907104,0.9999998807907104,True,0.99999607,0.99999607,True,0.9999503,0.9999503,6,True,0.9999503,0.9999907835116577,1.0,0df67338200e0cf2d47d669f369063fd36e27147df5ecd749a607b047f137884,20,63,18a62498c61bf2b4bdc2e8c4d9f77139f37a54130f6d0ab7680f4d02025d004c
XAI_0334,2903,s0015/s0015_00958_0_0_1_0_1_01.png,s0015_00958_0_0_1_0_1_01.png,s0015,1,0,0,0,1,1,test,1,open,True,1.0,1.0,True,0.9999994039535522,0.9999994039535522,True,1.0,1.0,True,0.9999998807907104,0.9999998807907104,True,0.9999993,0.9999993,True,0.99999917,0.99999917,6,True,0.99999917,0.9999996257907103,1.0,0e56c62e6e1eb1f34cd3ea8eb103939ff0f6559438086631ef42a6675d1d43d1,21,63,f841ffb9a619b7ba30158677a212d61d00cd489528cb80f3bacddbe61dedee8f
XAI_0335,2764,s0015/s0015_00819_0_0_1_0_1_01.png,s0015_00819_0_0_1_0_1_01.png,s0015,1,0,0,0,1,1,test,1,open,True,1.0,1.0,True,0.9999802112579346,0.9999802112579346,True,0.9999799728393556,0.9999799728393556,True,0.9999898672103882,0.9999898672103882,True,0.99999356,0.99999356,True,0.99962735,0.99962735,6,True,0.99962735,0.9999284935512797,1.0,0ebc955c8bbd4db6bef2cd087dde238a67cc5aab78796a3ee1fc3f38e077cab2,22,63,07551d7760f27c9a92bff68eb728c00127918ddfef6cde5c45d7121141779537
XAI_0336,2998,s0015/s0015_01053_0_0_1_0_1_01.png,s0015_01053_0_0_1_0_1_01.png,s0015,1,0,0,0,1,1,test,1,open,True,1.0,1.0,True,0.9999850988388062,0.9999850988388062,True,0.9999983310699464,0.9999983310699464,True,0.999997615814209,0.999997615814209,True,0.99996555,0.99996555,True,0.9995865,0.9995865,6,True,0.9995865,0.9999221826204936,1.0,0f8523587cfb3b67db39e64dcd3791e2d8d754191553d63db050cea96d35c61a,23,63,68caade91c3a5926bd76ecb9983894d2bd7a802484fa963368b111e1da766ae7
XAI_0337,2858,s0015/s0015_00913_0_0_1_0_1_01.png,s0015_00913_0_0_1_0_1_01.png,s0015,1,0,0,0,1,1,test,1,open,True,1.0,1.0,True,0.9999998807907104,0.9999998807907104,True,1.0,1.0,True,0.9999994039535522,0.9999994039535522,True,0.9999989,0.9999989,True,0.99999917,0.99999917,6,True,0.9999989,0.9999995591240437,1.0,0fa23fa55dcf6d2f619f44e8b21a9f2386238a42598858ed87476f9a4a110507,24,63,249cb2c49296a1e9616555499a65ce90215a8b1e38a0756d6149cc5413bd0d44
XAI_0338,2910,s0015/s0015_00965_0_0_1_0_1_01.png,s0015_00965_0_0_1_0_1_01.png,s0015,1,0,0,0,1,1,test,1,open,True,1.0,1.0,True,0.9999994039535522,0.9999994039535522,True,1.0,1.0,True,0.9999996423721312,0.9999996423721312,True,0.99999464,0.99999464,True,0.9999405,0.9999405,6,True,0.9999405,0.9999890310542806,1.0,125832e1fa63138cdc8b2e4e1a2d76e1ed1e2e6252f48844dbf435e1dfdd7b70,25,63,98e517a6177b85c73c78dd6bf028942df87706e8f5b6646ebff9590c3ac209a5
XAI_0339,3038,s0015/s0015_01093_0_0_1_0_0_01.png,s0015_01093_0_0_1_0_0_01.png,s0015,1,0,0,0,0,1,test,1,open,True,0.9971575736999512,0.9971575736999512,True,0.9996541738510132,0.9996541738510132,True,0.999528169631958,0.999528169631958,True,0.9966050386428832,0.9966050386428832,True,0.9791672,0.9791672,True,0.9879893,0.9879893,6,True,0.9791672,0.9933502426376343,0.9996541738510132,1355b1857ef29fa997551a6eef026dce855eca38fe8f088f6ca6183998218c24,26,63,eac97f7ebeb95bb55dfb7f0f72b2f9dfb4ae71d7efdd38208b7cc4766c648a73
XAI_0340,2782,s0015/s0015_00837_0_0_1_0_1_01.png,s0015_00837_0_0_1_0_1_01.png,s0015,1,0,0,0,1,1,test,1,open,True,0.9999998807907104,0.9999998807907104,True,0.9995114803314208,0.9995114803314208,True,0.9999209642410278,0.9999209642410278,True,0.9999059438705444,0.9999059438705444,True,0.9999473,0.9999473,True,0.99999654,0.99999654,6,True,0.9995114803314208,0.9998803515389505,0.9999998807907104,13c049c5576e9c5c07bd76170eedce1f55f693b9197f40560cc6b6d9252b3a63,27,63,a4d68a45a7e403cde8a2703e6a560f28798c2160f35d7d9f6b6dd150e7b37819
XAI_0341,2740,s0015/s0015_00795_0_0_1_0_1_01.png,s0015_00795_0_0_1_0_1_01.png,s0015,1,0,0,0,1,1,test,1,open,True,1.0,1.0,True,0.999998927116394,0.999998927116394,True,0.9999998807907104,0.9999998807907104,True,0.999985694885254,0.999985694885254,True,0.99999976,0.99999976,True,0.99999976,0.99999976,6,True,0.999985694885254,0.9999973371320596,1.0,14db86f92647acc4e24c7d487797ff3d729acc19ff67263bf31df86f03433e9a,28,63,667a6d1a5c801769d151862155f0e47aed4049a713d06959521821de2ccf0c46
XAI_0342,2981,s0015/s0015_01036_0_0_1_0_0_01.png,s0015_01036_0_0_1_0_0_01.png,s0015,1,0,0,0,0,1,test,1,open,True,1.0,1.0,True,0.999981164932251,0.999981164932251,True,0.9999679327011108,0.9999679327011108,True,0.9999715089797974,0.9999715089797974,True,0.9999981,0.9999981,True,0.9999429,0.9999429,6,True,0.9999429,0.9999769344355265,1.0,16967473fba80c35e782e5df5fe5f130d04a6cf596d83384a1949b1d491148eb,29,63,c979f8df5aa8e1f8e143c24f873f422de6e9de7568a13e98fe1d054f8856a536
XAI_0343,2828,s0015/s0015_00883_0_0_1_0_1_01.png,s0015_00883_0_0_1_0_1_01.png,s0015,1,0,0,0,1,1,test,1,open,True,0.9999502897262572,0.9999502897262572,True,0.9997627139091492,0.9997627139091492,True,0.99977046251297,0.99977046251297,True,0.9997819066047668,0.9997819066047668,True,0.99950635,0.99950635,True,0.9998385,0.9998385,6,True,0.99950635,0.9997683704588572,0.9999502897262572,19020263744ad967a781536ff6a314d667bc17e25be0fee010d593e85ac6b49f,30,63,5df42d71371fd9a2e533ba717c48e2f24b8f7752f18da159028139060ff11ae3
XAI_0344,2933,s0015/s0015_00988_0_0_1_0_1_01.png,s0015_00988_0_0_1_0_1_01.png,s0015,1,0,0,0,1,1,test,1,open,True,1.0,1.0,True,0.999997615814209,0.999997615814209,True,1.0,1.0,True,0.9999988079071044,0.9999988079071044,True,1.0,1.0,True,0.9999852,0.9999852,6,True,0.9999852,0.9999969372868857,1.0,19c669cc018b8303924d3e8f5437ba6e26e7880f8ecb8b719ce33498f77c916f,31,63,af988212eacadccaa5a3f90721e337fb1a36a6daac90ef2fd4f24f6b3d82dd04
XAI_0345,3029,s0015/s0015_01084_0_0_1_0_0_01.png,s0015_01084_0_0_1_0_0_01.png,s0015,1,0,0,0,0,1,test,1,open,True,0.9966147541999816,0.9966147541999816,True,0.9998756647109984,0.9998756647109984,True,0.997712254524231,0.997712254524231,True,0.9891825318336488,0.9891825318336488,True,0.968935,0.968935,True,0.99826473,0.99826473,6,True,0.968935,0.9917641558781433,0.9998756647109984,1b180e8bf8453dccda62cb06b1f1635683b5fbbed3bcabb4251fe202a4cd02de,32,63,27d98a14898d1bc844acdd9e91efadc131014aa905c0d459d9e4ed692cfc477b
XAI_0346,3049,s0015/s0015_01104_0_0_1_0_0_01.png,s0015_01104_0_0_1_0_0_01.png,s0015,1,0,0,0,0,1,test,1,open,True,1.0,1.0,True,0.9999996423721312,0.9999996423721312,True,1.0,1.0,True,0.9999959468841552,0.9999959468841552,True,0.9999888,0.9999888,True,0.99995875,0.99995875,6,True,0.99995875,0.9999905232093811,1.0,1c5f6b51666e96eceeffe8f16eec7c2db874f3288efe40275b31739a25192333,33,63,e9380947acb9a0f9ee575b8df26159c6a0b1ab026848abe85406d37cbdd2b47a
XAI_0347,3076,s0015/s0015_01131_0_0_1_0_1_01.png,s0015_01131_0_0_1_0_1_01.png,s0015,1,0,0,0,1,1,test,1,open,True,0.9999996423721312,0.9999996423721312,True,0.9999494552612304,0.9999494552612304,True,0.9999138116836548,0.9999138116836548,True,0.9999526739120485,0.9999526739120485,True,0.99999154,0.99999154,True,0.99999547,0.99999547,6,True,0.9999138116836548,0.9999670988715108,0.9999996423721312,1d22c19b136fa0a0f2dec76937fac11be8e2fa17ddfb6b8afbefeddf4f10a17e,34,63,e5027113f53b56cfbf1ae5e9a29de0dbe6b39b5c8b6087877c0ad2b746bdcd62
XAI_0348,2984,s0015/s0015_01039_0_0_1_0_0_01.png,s0015_01039_0_0_1_0_0_01.png,s0015,1,0,0,0,0,1,test,1,open,True,0.99999737739563,0.99999737739563,True,0.9989497065544128,0.9989497065544128,True,0.999994158744812,0.999994158744812,True,0.9999303817749025,0.9999303817749025,True,0.9999659,0.9999659,True,0.9999943,0.9999943,6,True,0.9989497065544128,0.9998053040782929,0.99999737739563,1d4a2a687e844b7dff99df5bea23e5395e64b81261329c744678ac38e20719ce,35,63,43a885930b11177ec19e4cebbebb09cad76c144789de32a70075737f43b06645
XAI_0349,2776,s0015/s0015_00831_0_0_1_0_1_01.png,s0015_00831_0_0_1_0_1_01.png,s0015,1,0,0,0,1,1,test,1,open,True,1.0,1.0,True,0.9999881982803344,0.9999881982803344,True,0.9999402761459352,0.9999402761459352,True,0.9996719360351562,0.9996719360351562,True,0.9999658,0.9999658,True,0.9998197,0.9998197,6,True,0.9996719360351562,0.9998976517435709,1.0,1da0427a8f192abf08adfbe853000170d3b21405dd9f526932fbb0a2ae4edd1f,36,63,3104f974ed61806c2a070dff44ee13109066aa872fd9760df7681dae79273ff9
XAI_0350,2987,s0015/s0015_01042_0_0_1_0_1_01.png,s0015_01042_0_0_1_0_1_01.png,s0015,1,0,0,0,1,1,test,1,open,True,1.0,1.0,True,0.999996542930603,0.999996542930603,True,0.9999998807907104,0.9999998807907104,True,0.9999897480010986,0.9999897480010986,True,0.99999905,0.99999905,True,0.99999547,0.99999547,6,True,0.9999897480010986,0.9999967819537353,1.0,1e5d68420bc12c5d59d9ce36644822370a9e086a72126292c194adcf891f22b0,37,63,3d2172cb6781b7a30a45dc7eb1962a06d5bf7168062d3018001086408264efe2
XAI_0351,2954,s0015/s0015_01009_0_0_1_0_0_01.png,s0015_01009_0_0_1_0_0_01.png,s0015,1,0,0,0,0,1,test,1,open,True,0.999997854232788,0.999997854232788,True,0.9999898672103882,0.9999898672103882,True,0.9998003840446472,0.9998003840446472,True,0.9999604225158693,0.9999604225158693,True,0.9999732,0.9999732,True,0.99997663,0.99997663,6,True,0.9998003840446472,0.9999497263339489,0.999997854232788,1f3666fc1d7b08e1a9d9f4203e8c6256769242794943c4fdff2a65add41fed1c,38,63,65426b0f326d70abbc9b80e27f1319ba84633d20253fde10a44f724bf68627c4
XAI_0352,2746,s0015/s0015_00801_0_0_1_0_1_01.png,s0015_00801_0_0_1_0_1_01.png,s0015,1,0,0,0,1,1,test,1,open,True,1.0,1.0,True,0.999995231628418,0.999995231628418,True,0.9999991655349731,0.9999991655349731,True,0.9999924898147584,0.9999924898147584,True,0.99999857,0.99999857,True,0.99999547,0.99999547,6,True,0.9999924898147584,0.9999968211630249,1.0,1f48670dfd33eaa89156c24a11069706c3afdad94951cc54660674a9f71fb01b,39,63,ff458c4d21b3bd791d0d2d4d1e5ab73ef9867ead70fcc711cbafab953ae4a97e
XAI_0353,2962,s0015/s0015_01017_0_0_1_0_0_01.png,s0015_01017_0_0_1_0_0_01.png,s0015,1,0,0,0,0,1,test,1,open,True,0.999142289161682,0.999142289161682,True,0.9997872710227966,0.9997872710227966,True,0.9989866614341736,0.9989866614341736,True,0.9995906949043274,0.9995906949043274,True,0.9999118,0.9999118,True,0.9995844,0.9995844,6,True,0.9989866614341736,0.9995005194204966,0.9999118,1ff9633922c335207a40d9bad6c18b6ab8ba839934d76b907507621fbfb56aee,40,63,8059c5823ea8c3ccbd777edb48f57132a0c7a0215fdda69b623e3dec9c998b3e
XAI_0354,2936,s0015/s0015_00991_0_0_1_0_1_01.png,s0015_00991_0_0_1_0_1_01.png,s0015,1,0,0,0,1,1,test,1,open,True,1.0,1.0,True,0.9999850988388062,0.9999850988388062,True,0.9998432397842408,0.9998432397842408,True,0.9999643564224244,0.9999643564224244,True,0.99998057,0.99998057,True,0.9996289,0.9996289,6,True,0.9996289,0.9999003608409119,1.0,201e5cb2ff757bb8d55468da41eeff259301a18d1ba6ed129e2c233e2cf26a1b,41,63,01db3cd5e592f2b72a0a1b4f78cf3bf300759fd20c2e98b8c0a4445485c8ad55
XAI_0355,2820,s0015/s0015_00875_0_0_1_0_1_01.png,s0015_00875_0_0_1_0_1_01.png,s0015,1,0,0,0,1,1,test,1,open,True,1.0,1.0,True,0.999985933303833,0.999985933303833,True,0.999984622001648,0.999984622001648,True,0.9999699592590332,0.9999699592590332,True,0.9999887,0.9999887,True,0.999995,0.999995,6,True,0.9999699592590332,0.9999873690940858,1.0,20861d868d9d9d07e26f992218208799533c629c0630013f6137346cbcfbdf98,42,63,3fb35bde43a57de1a3e5a52622f322e63725907f873821d22949bd837406e4b5
XAI_0356,2875,s0015/s0015_00930_0_0_1_0_1_01.png,s0015_00930_0_0_1_0_1_01.png,s0015,1,0,0,0,1,1,test,1,open,True,1.0,1.0,True,0.9999994039535522,0.9999994039535522,True,1.0,1.0,True,0.9999998807907104,0.9999998807907104,True,0.9999993,0.9999993,True,0.99990904,0.99990904,6,True,0.99990904,0.9999846041240438,1.0,20a4445da106aa052b77aac763175997070e7c6ef822cccb9148d02f14f8e03d,43,63,7976176457e05c61af8e9f7525777f5ea612ff3e79fd5f5870dfe2f91bfb4308
XAI_0357,2798,s0015/s0015_00853_0_0_1_0_1_01.png,s0015_00853_0_0_1_0_1_01.png,s0015,1,0,0,0,1,1,test,1,open,True,0.9999992847442628,0.9999992847442628,True,0.999858856201172,0.999858856201172,True,0.9995834231376648,0.9995834231376648,True,0.9999669790267944,0.9999669790267944,True,0.99998283,0.99998283,True,0.99998605,0.99998605,6,True,0.9995834231376648,0.9998962371849824,0.9999992847442628,21c072a886765c7ff0274299822ad57b7357fa5571d5801c2d675019e3f6ed65,44,63,1f334918e1abff9ff23b5e88304d084b1b2ad6d41a54660a5f2466646c04db0a
XAI_0358,2928,s0015/s0015_00983_0_0_1_0_1_01.png,s0015_00983_0_0_1_0_1_01.png,s0015,1,0,0,0,1,1,test,1,open,True,1.0,1.0,True,0.999998927116394,0.999998927116394,True,1.0,1.0,True,0.9999985694885254,0.9999985694885254,True,0.99999356,0.99999356,True,0.99998903,0.99998903,6,True,0.99998903,0.99999668110082,1.0,21e12f07b7af1f21740d972b587dff079654baadfafc61d5aff15e95e5808e9d,45,63,6bf4a819e397ff146cbe8efa0437b8ad57a4f4d8dfadcb7d9a65d590b0d58254
XAI_0359,2826,s0015/s0015_00881_0_0_1_0_1_01.png,s0015_00881_0_0_1_0_1_01.png,s0015,1,0,0,0,1,1,test,1,open,True,0.9987614154815674,0.9987614154815674,True,0.9789360761642456,0.9789360761642456,True,0.9798505306243896,0.9798505306243896,True,0.998450517654419,0.998450517654419,True,0.9998061,0.9998061,True,0.999902,0.999902,6,True,0.9789360761642456,0.9926177733207702,0.999902,224356119e8dc803cab7b2b039893dbd72461c7e9d18c0a2409c9253b3280463,46,63,af950834aa9e110ba0575ddd187d00b3b4cc0634d2f7ff7a8bd8ed5eeaaafbd0
XAI_0360,3061,s0015/s0015_01116_0_0_1_0_0_01.png,s0015_01116_0_0_1_0_0_01.png,s0015,1,0,0,0,0,1,test,1,open,True,1.0,1.0,True,0.9999992847442628,0.9999992847442628,True,1.0,1.0,True,0.9999980926513672,0.9999980926513672,True,0.9999995,0.9999995,True,0.9999987,0.9999987,6,True,0.9999980926513672,0.9999992628992717,1.0,2252bb3881243809b54bafd78598198d403a736d8347c2bda2401dc076094d2d,47,63,957313d88f73185a6a757b7b259057550986b497426bb11dd1f7d45cb2e70162
XAI_0361,3033,s0015/s0015_01088_0_0_1_0_0_01.png,s0015_01088_0_0_1_0_0_01.png,s0015,1,0,0,0,0,1,test,1,open,True,0.99849271774292,0.99849271774292,True,0.9998522996902466,0.9998522996902466,True,0.9956307411193848,0.9956307411193848,True,0.9976455569267272,0.9976455569267272,True,0.99636734,0.99636734,True,0.9970794,0.9970794,6,True,0.9956307411193848,0.9975113425798797,0.9998522996902466,24619f9ad8f343ec5b6d73f49ec64e4f44e35907649a4824696e78d671cfedc7,48,63,dcf597e270cf968d185684a5c773cb00cba103eee04df8c7ed81673bb38b2d71
XAI_0362,3035,s0015/s0015_01090_0_0_1_0_0_01.png,s0015_01090_0_0_1_0_0_01.png,s0015,1,0,0,0,0,1,test,1,open,True,0.9930773973464966,0.9930773973464966,True,0.9993873834609984,0.9993873834609984,True,0.9922993779182434,0.9922993779182434,True,0.99699604511261,0.99699604511261,True,0.9759361,0.9759361,True,0.9788295,0.9788295,6,True,0.9759361,0.9894209673063914,0.9993873834609984,24f67f4f3c6ca8f68e24e4a7049b4ba360446373a24742a1b018880e34c56bf7,49,63,b56b0493a1ce80dfee3614f6a776e87792bf68d87ea06ff8de90a10482c26bd7
XAI_0363,2847,s0015/s0015_00902_0_0_1_0_1_01.png,s0015_00902_0_0_1_0_1_01.png,s0015,1,0,0,0,1,1,test,1,open,True,0.9999991655349731,0.9999991655349731,True,0.999996304512024,0.999996304512024,True,0.9988508224487304,0.9988508224487304,True,0.9999791383743286,0.9999791383743286,True,0.99999607,0.99999607,True,0.9999175,0.9999175,6,True,0.9988508224487304,0.9997898334783427,0.9999991655349731,276bf16d4eee982d8a96fb0117522bc35ef492efe26c1174390364cd3ffe26cb,50,63,dcfd99fa06296987893d8fc759d51361bd603087f22b013d10c3cc70341208d0
XAI_0364,3031,s0015/s0015_01086_0_0_1_0_1_01.png,s0015_01086_0_0_1_0_1_01.png,s0015,1,0,0,0,1,1,test,1,open,True,1.0,1.0,True,0.9999901056289672,0.9999901056289672,True,0.9999918937683104,0.9999918937683104,True,0.9999693632125854,0.9999693632125854,True,0.9999864,0.9999864,True,0.9999268,0.9999268,6,True,0.9999268,0.9999774271016438,1.0,2836b6aef759c7224968a5a6c295b7fa36c8c60aea112f7b54c50bda94c89ee9,51,63,7e3a0053c4d3c56f089cb5cc6b7ac59bf11125229c14543e48a50f7405331f4f
XAI_0365,3015,s0015/s0015_01070_0_0_1_0_0_01.png,s0015_01070_0_0_1_0_0_01.png,s0015,1,0,0,0,0,1,test,1,open,True,0.9984375834465028,0.9984375834465028,True,0.99950909614563,0.99950909614563,True,0.9926407933235168,0.9926407933235168,True,0.9794045686721802,0.9794045686721802,True,0.9748628,0.9748628,True,0.98770845,0.98770845,6,True,0.9748628,0.9887605485979716,0.99950909614563,2877ac7d877ba72a5bc5068ec3d08a6bef25748fe50c6cf38ea4361cb2544dc6,52,63,7d4810aec04450a159c4cb908a03b49fa34431ee125ea80e1fb44591db9564b7
XAI_0366,2901,s0015/s0015_00956_0_0_1_0_1_01.png,s0015_00956_0_0_1_0_1_01.png,s0015,1,0,0,0,1,1,test,1,open,True,1.0,1.0,True,0.9999997615814208,0.9999997615814208,True,1.0,1.0,True,0.9999998807907104,0.9999998807907104,True,0.9999969,0.9999969,True,0.9999242,0.9999242,6,True,0.9999242,0.9999867903953552,1.0,28c5db863420af4f8909f530f5f68556b71a85dfa20318aa20e490b7ce060c2f,53,63,7a94b5f76352879f57e18182b6fc1a69a87e2a6c6c464247a7ecb682cdc89da8
XAI_0367,3069,s0015/s0015_01124_0_0_1_0_0_01.png,s0015_01124_0_0_1_0_0_01.png,s0015,1,0,0,0,0,1,test,1,open,True,0.9999966621398926,0.9999966621398926,True,0.999908685684204,0.999908685684204,True,0.999929428100586,0.999929428100586,True,0.9998996257781982,0.9998996257781982,True,0.9999994,0.9999994,True,0.9999982,0.9999982,6,True,0.9998996257781982,0.9999553336171468,0.9999994,29825b0eb5fca5439497b8dab0e7b9daf9c287cbe1f36b0a43643a369a02e838,54,63,68545af5a4cf9ca04b1817fbc7032b0fa1693a418913b09898a8d6e099d369fa
XAI_0368,2822,s0015/s0015_00877_0_0_1_0_1_01.png,s0015_00877_0_0_1_0_1_01.png,s0015,1,0,0,0,1,1,test,1,open,True,1.0,1.0,True,0.999992847442627,0.999992847442627,True,0.9999986886978148,0.9999986886978148,True,0.999987006187439,0.999987006187439,True,0.99999833,0.99999833,True,0.99999845,0.99999845,6,True,0.999987006187439,0.9999958870546468,1.0,29913ed520b26c80293a2ca2f9a6405a4255f56407c5dc833574214066225dcc,55,63,e1dd28bd933a9ab6914834e677d6721759ac2354c3fa579803e8d9c173f3aaba
XAI_0369,3034,s0015/s0015_01089_0_0_1_0_0_01.png,s0015_01089_0_0_1_0_0_01.png,s0015,1,0,0,0,0,1,test,1,open,True,0.9983078241348268,0.9983078241348268,True,0.9972479939460754,0.9972479939460754,True,0.997867226600647,0.997867226600647,True,0.9907235503196716,0.9907235503196716,True,0.99735224,0.99735224,True,0.9829625,0.9829625,6,True,0.9829625,0.9940768891668701,0.9983078241348268,29be86d8d83c116a16f35b9bdca285d00600d7a0a8c3277bde377407bc917891,56,63,169acfc6d53d53358c53481a0a7f5502f810d09c01b13bd6e806aef24faad3c6
XAI_0370,2819,s0015/s0015_00874_0_0_1_0_1_01.png,s0015_00874_0_0_1_0_1_01.png,s0015,1,0,0,0,1,1,test,1,open,True,0.9999992847442628,0.9999992847442628,True,0.998407781124115,0.998407781124115,True,0.9940378665924072,0.9940378665924072,True,0.9993332028388976,0.9993332028388976,True,0.99774075,0.99774075,True,0.9998735,0.9998735,6,True,0.9940378665924072,0.9982320642166137,0.9999992847442628,2a1f976e120e7740443bc7617ea50183a147ca346955eeeaf9b9fdf207649e07,57,63,631c7d567ccbae19f19f9ac7dd4232c9be023ec88b1c06e20a2a683c3f0212c9
XAI_0371,2749,s0015/s0015_00804_0_0_1_0_1_01.png,s0015_00804_0_0_1_0_1_01.png,s0015,1,0,0,0,1,1,test,1,open,True,1.0,1.0,True,0.9998685121536256,0.9998685121536256,True,0.9999021291732788,0.9999021291732788,True,0.9999096393585204,0.9999096393585204,True,0.9999486,0.9999486,True,0.9999937,0.9999937,6,True,0.9998685121536256,0.9999370967809041,1.0,2af156ca5f97612c9088c79e6f754f734e36363947c3427a7d7e8940482fdfd5,58,63,10b27ab352ec4cf390dbb89534da9581520fd6724cdae5d766405ff327d22aef
XAI_0372,2889,s0015/s0015_00944_0_0_1_0_1_01.png,s0015_00944_0_0_1_0_1_01.png,s0015,1,0,0,0,1,1,test,1,open,True,1.0,1.0,True,0.9999991655349731,0.9999991655349731,True,1.0,1.0,True,0.9999998807907104,0.9999998807907104,True,0.9999995,0.9999995,True,0.9999825,0.9999825,6,True,0.9999825,0.9999968410542807,1.0,2b6cfa917c5145c1bed7a9f40507c0bad68ed7d4d90897ff2459dd3c46fc1e37,59,63,97a6fc6a52bccc6a705d6665c5d4ae65432f4fb51fd394f0aff8ae86bb238709
XAI_0373,2907,s0015/s0015_00962_0_0_1_0_1_01.png,s0015_00962_0_0_1_0_1_01.png,s0015,1,0,0,0,1,1,test,1,open,True,1.0,1.0,True,0.9999995231628418,0.9999995231628418,True,1.0,1.0,True,0.9999995231628418,0.9999995231628418,True,0.99999964,0.99999964,True,0.9999994,0.9999994,6,True,0.9999994,0.9999996810542807,1.0,2d8e307e59b58b280f424abad71b67c7e4f84a88c68ed46d57c5bbd01c3e8019,60,63,d6b0c4d7c339b2ba866be38f8555d4bdc396f51a4026cf0dfe73e72ea2d6f591
XAI_0374,2743,s0015/s0015_00798_0_0_1_0_1_01.png,s0015_00798_0_0_1_0_1_01.png,s0015,1,0,0,0,1,1,test,1,open,True,1.0,1.0,True,0.9999779462814332,0.9999779462814332,True,0.9998120665550232,0.9998120665550232,True,0.999948024749756,0.999948024749756,True,0.9999968,0.9999968,True,0.9999981,0.9999981,6,True,0.9998120665550232,0.999955489597702,1.0,2f2a089a15003272350624b18fa98d7ff5887ffddac256bd24ca397a4ff5d673,61,63,1ae5e786450d202bc2bffa1362e2cbaa2ef04826ade97096ae376f665b1ec64a
XAI_0375,2802,s0015/s0015_00857_0_0_1_0_1_01.png,s0015_00857_0_0_1_0_1_01.png,s0015,1,0,0,0,1,1,test,1,open,True,0.9999802112579346,0.9999802112579346,True,0.9999552965164183,0.9999552965164183,True,0.9999316930770874,0.9999316930770874,True,0.9999021291732788,0.9999021291732788,True,0.9996704,0.9996704,True,0.99997294,0.99997294,6,True,0.9996704,0.9999021116707866,0.9999802112579346,2f38a14e07a2c8234ec6921f496f9488990f33f7392c09edee326c67b5094ddf,62,63,b3b07656deb58ba1cf9dec2aac5aedd0112e6e605651800261756915554be534
XAI_0376,2973,s0015/s0015_01028_0_0_1_0_1_01.png,s0015_01028_0_0_1_0_1_01.png,s0015,1,0,0,0,1,1,test,1,open,True,0.9983077049255372,0.9983077049255372,True,0.9996793270111084,0.9996793270111084,True,0.9998077750205994,0.9998077750205994,True,0.9986390471458436,0.9986390471458436,True,0.99962246,0.99962246,True,0.99948007,0.99948007,6,True,0.9983077049255372,0.9992560640171814,0.9998077750205994,307522b377af39c0473f0aba532927ef5602806645dd5270864f3d4cde64e218,63,63,7f995e36042e54f14152c5898cd364d1e3b18b653c43f8aa96c103b83803fdbf
XAI_0377,4911,s0016/s0016_01834_1_0_1_0_0_01.png,s0016_01834_1_0_1_0_0_01.png,s0016,1,1,0,0,0,1,test,1,open,True,0.9873671531677246,0.9873671531677246,True,0.9973405003547668,0.9973405003547668,True,0.7448962330818176,0.7448962330818176,True,0.9837534427642822,0.9837534427642822,True,0.99222744,0.99222744,True,0.9994967,0.9994967,6,True,0.7448962330818176,0.9508469115614319,0.9994967,01c67aca2cb25d6a2ead29f7a635701283c8413d0546f9d1660ece3049ad8ff3,1,62,9c0fe6adc63c07c5a66d62ff6343b6b0d140d670deae51c6b65f39485990ded7
XAI_0378,4842,s0016/s0016_01765_1_0_1_0_1_01.png,s0016_01765_1_0_1_0_1_01.png,s0016,1,1,0,0,1,1,test,1,open,True,0.8355516195297241,0.8355516195297241,True,0.8601456880569458,0.8601456880569458,True,0.7712807059288025,0.7712807059288025,True,0.946510910987854,0.946510910987854,True,0.6009742,0.6009742,True,0.8928826,0.8928826,6,True,0.6009742,0.8178909540838877,0.946510910987854,03f20225404263f21554cad67f137133a652fd6e8b0574bc8545b636d2b17a5a,2,62,a91746c5386751d0384a2fa20af49908b3c3a287365e29fa500be40b6943a037
XAI_0379,4892,s0016/s0016_01815_1_0_1_0_0_01.png,s0016_01815_1_0_1_0_0_01.png,s0016,1,1,0,0,0,1,test,1,open,True,0.7684383392333984,0.7684383392333984,True,0.915702223777771,0.915702223777771,True,0.8919333219528198,0.8919333219528198,True,0.9793919920921326,0.9793919920921326,True,0.9326709,0.9326709,True,0.9618215,0.9618215,6,True,0.7684383392333984,0.9083263795093536,0.9793919920921326,04846a81ec67ab2e78d04c82cfbc587f1666009f48cf95eb3621ec330d0d683b,3,62,2d3bcc7869844d08873f6c5b766223a8613f2a8a62e5edd073c377b32f81890b
XAI_0380,4831,s0016/s0016_01754_1_0_1_0_1_01.png,s0016_01754_1_0_1_0_1_01.png,s0016,1,1,0,0,1,1,test,1,open,True,0.8581031560897827,0.8581031560897827,True,0.957454264163971,0.957454264163971,True,0.9587321281433104,0.9587321281433104,True,0.9685566425323486,0.9685566425323486,True,0.986402,0.986402,True,0.988946,0.988946,6,True,0.8581031560897827,0.9530323651549022,0.988946,0664bf3df9afc123e5482f96deefb8ffa52fc63fada2b18777b20eac00c1aa31,4,62,78251a4b94361d286b015a53b3d68ca36a846b502b9fb3d7a055994de4939b08
XAI_0381,4956,s0016/s0016_01879_1_0_1_0_0_01.png,s0016_01879_1_0_1_0_0_01.png,s0016,1,1,0,0,0,1,test,1,open,True,0.7872785329818726,0.7872785329818726,True,0.9152619242668152,0.9152619242668152,True,0.7060786485671997,0.7060786485671997,True,0.9804949760437012,0.9804949760437012,True,0.77807426,0.77807426,True,0.89187855,0.89187855,6,True,0.7060786485671997,0.8431778153099315,0.9804949760437012,06f7d5a002e2b001c33dc14e471e6940abaa3cb4573a8d346f5276e7687128d3,5,62,842c0f0cdeac93deb264a08947e7a7e3bbb1f5e65e710d4c6d7a489e80e7baa8
XAI_0382,4868,s0016/s0016_01791_1_0_1_0_0_01.png,s0016_01791_1_0_1_0_0_01.png,s0016,1,1,0,0,0,1,test,1,open,True,0.7506710886955261,0.7506710886955261,True,0.7742977738380432,0.7742977738380432,True,0.8190408945083618,0.8190408945083618,True,0.7714608311653137,0.7714608311653137,True,0.7670709,0.7670709,True,0.93746865,0.93746865,6,True,0.7506710886955261,0.8033350230345407,0.93746865,0737973c82edacaab899a89c582208b6bc7a07065d0e2755c9744039b6570147,6,62,4bc28ef0c29de3fda418bade9d24f1a1e5cc90410eb3946c8712582184acc72a
XAI_0383,4966,s0016/s0016_01889_1_0_1_0_0_01.png,s0016_01889_1_0_1_0_0_01.png,s0016,1,1,0,0,0,1,test,1,open,True,0.9999996423721312,0.9999996423721312,True,0.9999983310699464,0.9999983310699464,True,0.99994695186615,0.99994695186615,True,0.999883770942688,0.999883770942688,True,0.99997914,0.99997914,True,0.9999931,0.9999931,6,True,0.999883770942688,0.9999668227084859,0.9999996423721312,08c7ebb7e2d289fd0a6ccfc0a6077d0ad9d8c8ff1ac1a20c51aa0ba723dd6659,7,62,47e64ffed9bd2b79553244c69b79ed540a1c00814e60c69f5bd22655ef2ac256
XAI_0384,4930,s0016/s0016_01853_1_0_1_0_0_01.png,s0016_01853_1_0_1_0_0_01.png,s0016,1,1,0,0,0,1,test,1,open,True,1.0,1.0,True,0.9999862909317015,0.9999862909317015,True,0.999994158744812,0.999994158744812,True,0.999931573867798,0.999931573867798,True,0.9999938,0.9999938,True,0.9999802,0.9999802,6,True,0.999931573867798,0.9999810039240519,1.0,09ec8c68b9b878a6a63dd20895ef3e23d835cebab6791e31794c87f782b850a1,8,62,04b46547ac1588abaa67f8daa12a52fadeac3816e4fcc75ebc666a0237131ae8
XAI_0385,4835,s0016/s0016_01758_1_0_1_0_1_01.png,s0016_01758_1_0_1_0_1_01.png,s0016,1,1,0,0,1,1,test,1,open,True,0.6795201301574707,0.6795201301574707,True,0.7594521045684814,0.7594521045684814,True,0.7189604043960571,0.7189604043960571,True,0.629521369934082,0.629521369934082,True,0.81717366,0.81717366,True,0.9498879,0.9498879,6,True,0.629521369934082,0.7590859281760153,0.9498879,0d4a8866cef49f37104a571219cfa822fc282171348c0823e458df9cf33ad0f9,9,62,a98cf39b6c85dfc11eec1fa56aa71d5d331829413e35497b38f0442705b98bcf
XAI_0386,4854,s0016/s0016_01777_1_0_1_0_1_01.png,s0016_01777_1_0_1_0_1_01.png,s0016,1,1,0,0,1,1,test,1,open,True,0.9240348935127258,0.9240348935127258,True,0.891252338886261,0.891252338886261,True,0.9955912828445436,0.9955912828445436,True,0.9832313060760498,0.9832313060760498,True,0.9936392,0.9936392,True,0.99896276,0.99896276,6,True,0.891252338886261,0.9644519635532633,0.99896276,0f1960aa8903d6747142a947516cfcd5d623b5c13f55106a21707dc01dc08f1e,10,62,14bd912c916c1791fcef08e13fbca3de5941ae54553b66d42f2690fc22184e90
XAI_0387,4812,s0016/s0016_01735_1_0_1_0_1_01.png,s0016_01735_1_0_1_0_1_01.png,s0016,1,1,0,0,1,1,test,1,open,True,1.0,1.0,True,0.9999957084655762,0.9999957084655762,True,0.9999998807907104,0.9999998807907104,True,0.9999632835388184,0.9999632835388184,True,0.99999595,0.99999595,True,0.9996991,0.9996991,6,True,0.9996991,0.9999423204658507,1.0,0f2b5273b76d38ce87d08fb9107f8a5bf8e0e7a7e302415f6526908dd8495719,11,62,f399290c0fa4d1111fe737ba497bc481e26b50f1e2e2f636e2ebc6e68613e2ca
XAI_0388,4919,s0016/s0016_01842_1_0_1_0_0_01.png,s0016_01842_1_0_1_0_0_01.png,s0016,1,1,0,0,0,1,test,1,open,True,0.8004373908042908,0.8004373908042908,True,0.946428656578064,0.946428656578064,True,0.8897811770439148,0.8897811770439148,True,0.9795516729354858,0.9795516729354858,True,0.94258183,0.94258183,True,0.98380184,0.98380184,6,True,0.8004373908042908,0.9237637612269592,0.98380184,0f53cf130ab01ab24b16792657ab415b57afbe77be14d93c6d891dad69cd29b5,12,62,716d7585014424d77bb34096393b4c24058a0b1daceadb28f68e9bbf3182f436
XAI_0389,4794,s0016/s0016_01717_1_0_1_0_0_01.png,s0016_01717_1_0_1_0_0_01.png,s0016,1,1,0,0,0,1,test,1,open,True,0.9999121427536012,0.9999121427536012,True,0.9999737739562988,0.9999737739562988,True,0.9999959468841552,0.9999959468841552,True,0.9998396635055542,0.9998396635055542,True,0.9992374,0.9992374,True,0.99989927,0.99989927,6,True,0.9992374,0.9998096995166016,0.9999959468841552,0f8b9f2b8829b61926aac50d4ae4a6cad3811b8270872bcb43f3458b7d5cecbf,13,62,16c21c8af4ef972531c5195df0c3e5be691ba77f8b9c21088adcfeecff6a3080
XAI_0390,4827,s0016/s0016_01750_1_0_1_0_1_01.png,s0016_01750_1_0_1_0_1_01.png,s0016,1,1,0,0,1,1,test,1,open,True,0.6114797592163086,0.6114797592163086,True,0.7322189211845398,0.7322189211845398,True,0.8390791416168213,0.8390791416168213,True,0.7494325637817383,0.7494325637817383,True,0.8407272,0.8407272,True,0.8987613,0.8987613,6,True,0.6114797592163086,0.778616480966568,0.8987613,0fbf663e1ecdc216f10936318d329eb27006c7b47746b907f00903658bb9f948,14,62,4faf2d9ee3f3a4c8b939a6bf6f8f3dee4663b9e9e5332883a6c16b76fdb11dd9
XAI_0391,4845,s0016/s0016_01768_1_0_1_0_1_01.png,s0016_01768_1_0_1_0_1_01.png,s0016,1,1,0,0,1,1,test,1,open,True,0.9997660517692566,0.9997660517692566,True,0.9999897480010986,0.9999897480010986,True,0.9999598264694214,0.9999598264694214,True,0.9999353885650636,0.9999353885650636,True,0.99999774,0.99999774,True,0.99999,0.99999,6,True,0.9997660517692566,0.9999397924674733,0.99999774,1006d8c41f2aec29fedcf18733af5f28b4d31c497776c4f34412b7e1d0d42b32,15,62,5e4f0abd89e7f1c256444b63d5d3a0554821f6919ed59eecf201c0e5f0146293
XAI_0392,4833,s0016/s0016_01756_1_0_1_0_1_01.png,s0016_01756_1_0_1_0_1_01.png,s0016,1,1,0,0,1,1,test,1,open,True,0.6788983941078186,0.6788983941078186,True,0.7100741863250732,0.7100741863250732,True,0.8527113795280457,0.8527113795280457,True,0.9302743077278136,0.9302743077278136,True,0.90128535,0.90128535,True,0.97767293,0.97767293,6,True,0.6788983941078186,0.8418194246147919,0.97767293,10d57ea1538d6a154ae5b00b7d256d2d42e87fb1d1b7ea88044b74ca1ac0ee70,16,62,9adb8cd0fe8005d99f6bf4ce37470468204053dd6b18dc78a34814a2b705a092
XAI_0393,4866,s0016/s0016_01789_1_0_1_0_1_01.png,s0016_01789_1_0_1_0_1_01.png,s0016,1,1,0,0,1,1,test,1,open,True,0.7770220637321472,0.7770220637321472,True,0.8328051567077637,0.8328051567077637,True,0.8709210753440857,0.8709210753440857,True,0.9862209558486938,0.9862209558486938,True,0.9904737,0.9904737,True,0.98320264,0.98320264,6,True,0.7770220637321472,0.906774265272115,0.9904737,1376c4c1eaf6fc6cab0570228d842b0962a8920e8a87fd90e343b205cd880e8c,17,62,19b102a7222317b1ecd2d3c36bf982a17ac9288013736e1e7fed34df48e7c15f
XAI_0394,4826,s0016/s0016_01749_1_0_1_0_1_01.png,s0016_01749_1_0_1_0_1_01.png,s0016,1,1,0,0,1,1,test,1,open,True,0.7317051887512207,0.7317051887512207,True,0.8104308843612671,0.8104308843612671,True,0.8697750568389893,0.8697750568389893,True,0.9359131455421448,0.9359131455421448,True,0.6785918,0.6785918,True,0.9838334,0.9838334,6,True,0.6785918,0.8350415792489368,0.9838334,14f1b7b89cc5c7f26fefd27efff20bdda57a2f833204d73c52a327e0f7f78da0,18,62,b26afd59bc632194bd5b4890342aac4fa4d3ccb997ee1b72a51cdeee637cefce
XAI_0395,4872,s0016/s0016_01795_1_0_1_0_1_01.png,s0016_01795_1_0_1_0_1_01.png,s0016,1,1,0,0,1,1,test,1,open,True,0.720182478427887,0.720182478427887,True,0.8637731671333313,0.8637731671333313,True,0.7821706533432007,0.7821706533432007,True,0.8347193598747253,0.8347193598747253,True,0.99438536,0.99438536,True,0.99602866,0.99602866,6,True,0.720182478427887,0.8652099464631907,0.99602866,151e99dc5066b7b5ee77dcb751b9e6150ee934d29fb9701c55496a4d33db86bf,19,62,545862edf74ff70cdb24c680968060c753b4e1f4808cb95a4300c5a13efa4917
XAI_0396,4815,s0016/s0016_01738_1_0_1_0_1_01.png,s0016_01738_1_0_1_0_1_01.png,s0016,1,1,0,0,1,1,test,1,open,True,1.0,1.0,True,0.9999985694885254,0.9999985694885254,True,1.0,1.0,True,0.999958872795105,0.999958872795105,True,0.99999976,0.99999976,True,0.99999964,0.99999964,6,True,0.999958872795105,0.9999928070472718,1.0,16a9666e061264f61aa0f03a0849cbd08480d92cca140e3d4ed9caebc8afd8b5,20,62,d2bf719a940f5569bccce6190192947ef7051b05b9cf58a1a6bffad17f26f203
XAI_0397,4850,s0016/s0016_01773_1_0_1_0_1_01.png,s0016_01773_1_0_1_0_1_01.png,s0016,1,1,0,0,1,1,test,1,open,True,0.9999655485153198,0.9999655485153198,True,0.999994158744812,0.999994158744812,True,0.9999966621398926,0.9999966621398926,True,0.9999631643295288,0.9999631643295288,True,0.9999924,0.9999924,True,0.9999931,0.9999931,6,True,0.9999631643295288,0.9999841722882589,0.9999966621398926,18e04af80b83ba6a579c63b6990fc9dbd87a425617b02c3f2537495f4f260e5d,21,62,c73934aa7305edd91aad118a5aec766da3dcbc6091db05e12dfa8606082f044e
XAI_0398,4864,s0016/s0016_01787_1_0_1_0_1_01.png,s0016_01787_1_0_1_0_1_01.png,s0016,1,1,0,0,1,1,test,1,open,True,0.6997239589691162,0.6997239589691162,True,0.947933316230774,0.947933316230774,True,0.6944772005081177,0.6944772005081177,True,0.9434366226196288,0.9434366226196288,True,0.94853467,0.94853467,True,0.95873725,0.95873725,6,True,0.6944772005081177,0.8654738363879394,0.95873725,1a49755e7553ac2c98567e055319b7a4c28264a1ba9f755743e6cf07984ff6f6,22,62,964198bc252d9f5b0d8ea6930be1c0ebd27a0b2a7fea94e07a86691a775ffbc1
XAI_0399,4959,s0016/s0016_01882_1_0_1_0_0_01.png,s0016_01882_1_0_1_0_0_01.png,s0016,1,1,0,0,0,1,test,1,open,True,0.9998825788497924,0.9998825788497924,True,0.9999910593032836,0.9999910593032836,True,1.0,1.0,True,0.9999639987945556,0.9999639987945556,True,0.99988186,0.99988186,True,0.9997917,0.9997917,6,True,0.9997917,0.9999185328246054,1.0,1b768a3cd5174fa23f61039724672e4c897fa1be29cd43fd0ed2f3282cb1df3b,23,62,876b70b4f2022fe897e457a286cad22c8c8db98ec3aadaf49fe1069fb8e64034
XAI_0400,4797,s0016/s0016_01720_1_0_1_0_0_01.png,s0016_01720_1_0_1_0_0_01.png,s0016,1,1,0,0,0,1,test,1,open,True,0.9808990955352784,0.9808990955352784,True,0.9786539673805236,0.9786539673805236,True,0.8951073884963989,0.8951073884963989,True,0.9517982006072998,0.9517982006072998,True,0.9949432,0.9949432,True,0.99782866,0.99782866,6,True,0.8951073884963989,0.9665384186699167,0.99782866,1d82f00ea79b9ee38d92763a21a9114532d99ba52262a2e2be2a699d31486266,24,62,ac9b5b121289165f4c73c6445dc221c00e7262c2b55d0de3dea3d7fad3bc8a1e
XAI_0401,4838,s0016/s0016_01761_1_0_1_0_0_01.png,s0016_01761_1_0_1_0_0_01.png,s0016,1,1,0,0,0,1,test,1,open,True,0.8233880996704102,0.8233880996704102,True,0.7252233028411865,0.7252233028411865,True,0.9088929891586304,0.9088929891586304,True,0.8368311524391174,0.8368311524391174,True,0.7717412,0.7717412,True,0.8985829,0.8985829,6,True,0.7252233028411865,0.8274432740182242,0.9088929891586304,208c6fd06d5acefffec65165bee7145ee86701cd5a7eef6c25ee65481d6cea37,25,62,cc5c34c1d313143a45f1242f4b2e2f609ed48336d55270d521a2bf0677259d6d
XAI_0402,4878,s0016/s0016_01801_1_0_1_0_1_01.png,s0016_01801_1_0_1_0_1_01.png,s0016,1,1,0,0,1,1,test,1,open,True,0.9999896287918092,0.9999896287918092,True,0.9999641180038452,0.9999641180038452,True,0.9999996423721312,0.9999996423721312,True,0.9993773102760316,0.9993773102760316,True,0.99995244,0.99995244,True,0.9997131,0.9997131,6,True,0.9993773102760316,0.9998327065739696,0.9999996423721312,2251826ff8556ecc14653d64cb930b7c25bb3f92bbaccdf46180234f592a630f,26,62,711c0300c3252c82f89e521a772612705e2e65fdd6f5572d9646c469be92ec3a
XAI_0403,4913,s0016/s0016_01836_1_0_1_0_0_01.png,s0016_01836_1_0_1_0_0_01.png,s0016,1,1,0,0,0,1,test,1,open,True,0.7372139692306519,0.7372139692306519,True,0.932128369808197,0.932128369808197,True,0.6528915762901306,0.6528915762901306,True,0.957331120967865,0.957331120967865,True,0.73820466,0.73820466,True,0.98442256,0.98442256,6,True,0.6528915762901306,0.8336987093828073,0.98442256,24d44a09ef3cead243537552d4327214193aa4baa7d09e81c1790830e7f65e9e,27,62,7691f509735bb13f0a56fc94aa96400db4e9f4469bc35eef6a5debc7d846b0d5
XAI_0404,4914,s0016/s0016_01837_1_0_1_0_0_01.png,s0016_01837_1_0_1_0_0_01.png,s0016,1,1,0,0,0,1,test,1,open,True,0.8290805220603943,0.8290805220603943,True,0.5126989483833313,0.5126989483833313,True,0.9026852250099182,0.9026852250099182,True,0.9431665539741516,0.9431665539741516,True,0.94444686,0.94444686,True,0.94478136,0.94478136,6,True,0.5126989483833313,0.8461432449046327,0.94478136,25248639f1e417b1f0d65a0496878a60e072dc52b04909d7f7a003688fa00cb9,28,62,9bce063ecd2d2a4b53f0a8a46d5cfd7839aa0f846628e2c418866e35267cbfac
XAI_0405,4916,s0016/s0016_01839_1_0_1_0_0_01.png,s0016_01839_1_0_1_0_0_01.png,s0016,1,1,0,0,0,1,test,1,open,True,0.8073352575302124,0.8073352575302124,True,0.5427563786506653,0.5427563786506653,True,0.9052472710609436,0.9052472710609436,True,0.9536001682281494,0.9536001682281494,True,0.8541237,0.8541237,True,0.9346168,0.9346168,6,True,0.5427563786506653,0.8329465959116616,0.9536001682281494,2610c32064b5121bb3d2ef066caa2b51913bfb432f5d2dde3cb6055a16e8f6ad,29,62,61989b949a720b9bf1e9eb7a085c08ae4d5cf085b09bc9b35fdcb8c79c92f319
XAI_0406,4806,s0016/s0016_01729_1_0_1_0_1_01.png,s0016_01729_1_0_1_0_1_01.png,s0016,1,1,0,0,1,1,test,1,open,True,1.0,1.0,True,0.9999852180480956,0.9999852180480956,True,1.0,1.0,True,0.9999064207077026,0.9999064207077026,True,0.9999901,0.9999901,True,0.9991339,0.9991339,6,True,0.9991339,0.9998359397926331,1.0,267f83626d64dd9094d94e281d8db2108b6430e68a5347546e1c617ba13559ab,30,62,d9cfcc21394bfc1cadf1092b9e12f3e065254fb2667b289d68e63b81bbd40c51
XAI_0407,4836,s0016/s0016_01759_1_0_1_0_1_01.png,s0016_01759_1_0_1_0_1_01.png,s0016,1,1,0,0,1,1,test,1,open,True,0.912323832511902,0.912323832511902,True,0.9621949195861816,0.9621949195861816,True,0.9396506547927856,0.9396506547927856,True,0.9866862297058104,0.9866862297058104,True,0.8970584,0.8970584,True,0.9963039,0.9963039,6,True,0.8970584,0.9490363227661133,0.9963039,268335c166706ffc16ac4c4e318215a2357afa14cc7239e65d5e6c20f6dd48f6,31,62,a0f4809d680a8526123eefc052631640eb9b98d95d5f8875a58c4177450d7b32
XAI_0408,4960,s0016/s0016_01883_1_0_1_0_0_01.png,s0016_01883_1_0_1_0_0_01.png,s0016,1,1,0,0,0,1,test,1,open,True,1.0,1.0,True,0.9999977350234984,0.9999977350234984,True,0.9999998807907104,0.9999998807907104,True,0.9999239444732666,0.9999239444732666,True,0.99997115,0.99997115,True,0.9999994,0.9999994,6,True,0.9999239444732666,0.999982018381246,1.0,279c26d6704f82cd4d58c40f3b3dfba01fc34596995a1319c0571a4511fa2cf0,32,62,028d36577ec783a16479743c471176a9326e889cf22dc2dc7c9b5bed294c43a0
XAI_0409,4934,s0016/s0016_01857_1_0_1_0_0_01.png,s0016_01857_1_0_1_0_0_01.png,s0016,1,1,0,0,0,1,test,1,open,True,1.0,1.0,True,0.999991536140442,0.999991536140442,True,0.9999994039535522,0.9999994039535522,True,0.9999492168426514,0.9999492168426514,True,0.9999869,0.9999869,True,0.9999981,0.9999981,6,True,0.9999492168426514,0.9999875261561075,1.0,284bf8a0749a4cdba0cb0558cec67917ef062a5ae25579365aeb8c931ca2692d,33,62,642e1ced56569596f3941b5d3700b78658d9022c03a158ba9b9cfaeffcfa49d3
XAI_0410,4957,s0016/s0016_01880_1_0_1_0_0_01.png,s0016_01880_1_0_1_0_0_01.png,s0016,1,1,0,0,0,1,test,1,open,True,0.9985632300376892,0.9985632300376892,True,0.9992675185203552,0.9992675185203552,True,0.9924444556236268,0.9924444556236268,True,0.9997029900550842,0.9997029900550842,True,0.9867865,0.9867865,True,0.99911255,0.99911255,6,True,0.9867865,0.9959795407061259,0.9997029900550842,293951ea38a2fc4a9cf7c716f0a9d217bc88674cf89688f0a3690e9d3b009255,34,62,161c3d10a276c5198ad139433bbd4074ba7999d40fc8ede664d407aa09932bc4
XAI_0411,4848,s0016/s0016_01771_1_0_1_0_1_01.png,s0016_01771_1_0_1_0_1_01.png,s0016,1,1,0,0,1,1,test,1,open,True,0.7101473808288574,0.7101473808288574,True,0.8439064025878906,0.8439064025878906,True,0.8611615896224976,0.8611615896224976,True,0.9342262148857116,0.9342262148857116,True,0.9784424,0.9784424,True,0.97586346,0.97586346,6,True,0.7101473808288574,0.883957907987493,0.9784424,2955fe8a8b3bea43461428259aa79cc1db0991de1e94af562166f1bc7ab50550,35,62,2c02ca7146761654ceefb299c9c9508a3bb320b89c625285016ff9873fc29d58
XAI_0412,4801,s0016/s0016_01724_1_0_1_0_1_01.png,s0016_01724_1_0_1_0_1_01.png,s0016,1,1,0,0,1,1,test,1,open,True,0.999993085861206,0.999993085861206,True,0.999990940093994,0.999990940093994,True,0.9999998807907104,0.9999998807907104,True,0.999812662601471,0.999812662601471,True,0.9999826,0.9999826,True,0.99997234,0.99997234,6,True,0.999812662601471,0.9999585848912304,0.9999998807907104,2ab9eafffbeb7ffc33b5813b7f509695d7841516efd610d2f6af7474941f1cce,36,62,1ddf665db27eed17dab6b68e141b52a58670716a4c2986c91a8f6322922db4ee
XAI_0413,4810,s0016/s0016_01733_1_0_1_0_1_01.png,s0016_01733_1_0_1_0_1_01.png,s0016,1,1,0,0,1,1,test,1,open,True,1.0,1.0,True,0.999987006187439,0.999987006187439,True,0.9999996423721312,0.9999996423721312,True,0.9999794960021972,0.9999794960021972,True,0.99999475,0.99999475,True,0.9999908,0.9999908,6,True,0.9999794960021972,0.9999919490936279,1.0,2d9af67ce8f371911f16111f14639a4a679fb7e7c659bae524fe7cd3b5b75db6,37,62,22e694747818c9725c48373e24daf05ebe69dd1022bf70bdf2e8e77955e7bb02
XAI_0414,4958,s0016/s0016_01881_1_0_1_0_0_01.png,s0016_01881_1_0_1_0_0_01.png,s0016,1,1,0,0,0,1,test,1,open,True,0.9999992847442628,0.9999992847442628,True,0.9998455047607422,0.9998455047607422,True,0.9997119307518004,0.9997119307518004,True,0.9994981288909912,0.9994981288909912,True,0.9995664,0.9995664,True,0.99995697,0.99995697,6,True,0.9994981288909912,0.9997630365246328,0.9999992847442628,2e6b0669e2f1cf15167b9afbf3f9de50431b48118ce499fc95ba3b171361d23d,38,62,ab5c67dcd40f791ba0fc8a7716b76bce8b4c0fc900b35606305b0fa3ec9b9119
XAI_0415,4908,s0016/s0016_01831_1_0_1_0_0_01.png,s0016_01831_1_0_1_0_0_01.png,s0016,1,1,0,0,0,1,test,1,open,True,0.6287789344787598,0.6287789344787598,True,0.9027471542358398,0.9027471542358398,True,0.7156049013137817,0.7156049013137817,True,0.9326455593109132,0.9326455593109132,True,0.708657,0.708657,True,0.9236644,0.9236644,6,True,0.6287789344787598,0.8020163248898825,0.9326455593109132,31b9bd36a9344f4084badcf92823fce1a6fed41aa25e3ca55cc2f083df37782f,39,62,3e28dc35be5885fae627f1c60f2ebf2bc294922e102ec5967d74216cdf42c28b
XAI_0416,4853,s0016/s0016_01776_1_0_1_0_1_01.png,s0016_01776_1_0_1_0_1_01.png,s0016,1,1,0,0,1,1,test,1,open,True,0.9999880790710448,0.9999880790710448,True,0.999996542930603,0.999996542930603,True,0.99999737739563,0.99999737739563,True,0.9999885559082032,0.9999885559082032,True,0.99997413,0.99997413,True,0.99999964,0.99999964,6,True,0.99997413,0.9999907208842469,0.99999964,3510cd40aed161aaa0aba4c32c1e0a34c72e01cdfa2ba1237051e7b1e823c038,40,62,c3d904d56f0417590ffd987003ecd0c5864bf285592d1a5d59ef52ad27fbca62
XAI_0417,4906,s0016/s0016_01829_1_0_1_0_0_01.png,s0016_01829_1_0_1_0_0_01.png,s0016,1,1,0,0,0,1,test,1,open,True,0.7410814762115479,0.7410814762115479,True,0.9475589990615844,0.9475589990615844,True,0.822968602180481,0.822968602180481,True,0.8272669911384583,0.8272669911384583,True,0.8196532,0.8196532,True,0.98366714,0.98366714,6,True,0.7410814762115479,0.8570327347653452,0.98366714,355b72f752358d53886e60e8a7629bfeb5182b71e508c3ab69d176190e1f7151,41,62,66ac210d62b6308e0aef8cbfc99c277429262da0bdda8153e41079d8fb4af5a3
XAI_0418,4840,s0016/s0016_01763_1_0_1_0_1_01.png,s0016_01763_1_0_1_0_1_01.png,s0016,1,1,0,0,1,1,test,1,open,True,0.9446459412574768,0.9446459412574768,True,0.941052496433258,0.941052496433258,True,0.8983073830604553,0.8983073830604553,True,0.9802045226097108,0.9802045226097108,True,0.99651116,0.99651116,True,0.99664176,0.99664176,6,True,0.8983073830604553,0.9595605438934834,0.99664176,3b455803f97b07efaebce9d86be84b39b15f9fbdb26dcd64952be1f5c46e8d2a,42,62,d24007f7a26e1d199b7eab6275de612121423efd01c3474d3814a2fecaeaa811
XAI_0419,4947,s0016/s0016_01870_1_0_1_0_0_01.png,s0016_01870_1_0_1_0_0_01.png,s0016,1,1,0,0,0,1,test,1,open,True,0.7897406816482544,0.7897406816482544,True,0.6344621181488037,0.6344621181488037,True,0.9367038011550904,0.9367038011550904,True,0.7576451897621155,0.7576451897621155,True,0.71823007,0.71823007,True,0.9595713,0.9595713,6,True,0.6344621181488037,0.7993921934523773,0.9595713,3e7752eda65e5babbe53b535e7d418b5c2923e59e5867e98b50b329106672e26,43,62,602724b6239dc8113f165e02f0612409ca07f4b4a29aeb4c58283fd1f7f497cd
XAI_0420,4902,s0016/s0016_01825_1_0_1_0_0_01.png,s0016_01825_1_0_1_0_0_01.png,s0016,1,1,0,0,0,1,test,1,open,True,0.7950314879417419,0.7950314879417419,True,0.9611677527427672,0.9611677527427672,True,0.9512114524841307,0.9512114524841307,True,0.9288912415504456,0.9288912415504456,True,0.97120583,0.97120583,True,0.99420327,0.99420327,6,True,0.7950314879417419,0.9336185057865142,0.99420327,41d24e03fa6970b308c473aa0fc9cc5b6b73abdf5e92e55eac466e4fb4a556dd,44,62,bf813127e52425341c5bd0f98150dd467db5e3d75346d77b7d33c8e39a6d3910
XAI_0421,4928,s0016/s0016_01851_1_0_1_0_0_01.png,s0016_01851_1_0_1_0_0_01.png,s0016,1,1,0,0,0,1,test,1,open,True,0.9998213648796082,0.9998213648796082,True,0.999951720237732,0.999951720237732,True,0.99955552816391,0.99955552816391,True,0.9999067783355712,0.9999067783355712,True,0.9989858,0.9989858,True,0.9996201,0.9996201,6,True,0.9989858,0.9996402152694701,0.999951720237732,43711e1cc76e314d3b453ae64d33f5371ffee92768ca47f993ed8acb8171b9d5,45,62,98deef7bee7459d53b46a3f4acbc71d2bdff5a3669f20d06b7f2ddc001cb6040
XAI_0422,4877,s0016/s0016_01800_1_0_1_0_1_01.png,s0016_01800_1_0_1_0_1_01.png,s0016,1,1,0,0,1,1,test,1,open,True,0.9999992847442628,0.9999992847442628,True,0.998641312122345,0.998641312122345,True,0.999996542930603,0.999996542930603,True,0.9999548196792604,0.9999548196792604,True,0.9988134,0.9988134,True,0.99969816,0.99969816,6,True,0.998641312122345,0.9995172532460784,0.9999992847442628,4429cdfb1563c5281c73fc11511a8afe0a22281834a7b54abe678fa10e03bd7f,46,62,933a94893b01fa91883c8c74a29d3401144f783d3f754e8f7714d2d8d15a4218
XAI_0423,4896,s0016/s0016_01819_1_0_1_0_0_01.png,s0016_01819_1_0_1_0_0_01.png,s0016,1,1,0,0,0,1,test,1,open,True,0.8231737613677979,0.8231737613677979,True,0.9755080342292786,0.9755080342292786,True,0.854494571685791,0.854494571685791,True,0.9372718930244446,0.9372718930244446,True,0.9511177,0.9511177,True,0.97566026,0.97566026,6,True,0.8231737613677979,0.919537703384552,0.97566026,46424f68bf77ae6f0b91210e397d227c633ed8405775c88616114a7d447d3eb5,47,62,aea95609d2417de2f7cde88b62576c4c39b6a3e6448fa579d8ad4256991956e8
XAI_0424,4933,s0016/s0016_01856_1_0_1_0_0_01.png,s0016_01856_1_0_1_0_0_01.png,s0016,1,1,0,0,0,1,test,1,open,True,0.586303174495697,0.586303174495697,True,0.8160580396652222,0.8160580396652222,True,0.6902201175689697,0.6902201175689697,True,0.9442451596260072,0.9442451596260072,True,0.50072026,0.50072026,True,0.5772618,0.5772618,6,True,0.50072026,0.6858014252259826,0.9442451596260072,473587bbffb4c9e8f6310f2462a12592f288839289ed095066572876d58340e5,48,62,9590f5fff1d927884afa858fac3268e35b707346771401b60ed5318d32008bd3
XAI_0425,4807,s0016/s0016_01730_1_0_1_0_1_01.png,s0016_01730_1_0_1_0_1_01.png,s0016,1,1,0,0,1,1,test,1,open,True,1.0,1.0,True,0.9999632835388184,0.9999632835388184,True,1.0,1.0,True,0.9998927116394044,0.9998927116394044,True,0.9998872,0.9998872,True,0.99991786,0.99991786,6,True,0.9998872,0.9999435091963704,1.0,47670ed3c2553294eec00caccdeeaad61d3770ce7ca3f20f98dbd97f374f6e14,49,62,cc45b5f646e45e2d8a496ab96756a480f731376294859520d12bf2a25dd8d62b
XAI_0426,4847,s0016/s0016_01770_1_0_1_0_1_01.png,s0016_01770_1_0_1_0_1_01.png,s0016,1,1,0,0,1,1,test,1,open,True,0.9999953508377076,0.9999953508377076,True,0.9999845027923584,0.9999845027923584,True,0.9999884366989136,0.9999884366989136,True,0.9999862909317015,0.9999862909317015,True,0.9999672,0.9999672,True,0.9999939,0.9999939,6,True,0.9999672,0.9999859468767802,0.9999953508377076,4b2dd268ce903c243ef125545848fca6546d5ce8a9fde418090b498deb61bc11,50,62,778f63b44ade711e94853d7c16041cdba64d74bd06b2cb8764f6f8c80daa1051
XAI_0427,4841,s0016/s0016_01764_1_0_1_0_1_01.png,s0016_01764_1_0_1_0_1_01.png,s0016,1,1,0,0,1,1,test,1,open,True,0.9389132857322692,0.9389132857322692,True,0.9983218312263488,0.9983218312263488,True,0.960720717906952,0.960720717906952,True,0.9689196348190308,0.9689196348190308,True,0.99716103,0.99716103,True,0.99644,0.99644,6,True,0.9389132857322692,0.9767460832807667,0.9983218312263488,4c2600260a0ef8de959472142fa86e4a02e1108b3cee6d4c18af906cd007bd62,51,62,f1006f2b502004f882e2ff0c7ea5e49fbf1655fdb5883452bf64c5bdc4906199
XAI_0428,4898,s0016/s0016_01821_1_0_1_0_0_01.png,s0016_01821_1_0_1_0_0_01.png,s0016,1,1,0,0,0,1,test,1,open,True,0.6967436671257019,0.6967436671257019,True,0.8329936265945435,0.8329936265945435,True,0.7476013898849487,0.7476013898849487,True,0.94948148727417,0.94948148727417,True,0.864115,0.864115,True,0.97528785,0.97528785,6,True,0.6967436671257019,0.844370503479894,0.97528785,4f0a5d190d51b876a1e3d3788a9ee3bf41b2f5d11c675b62ba5a19e0d088e7e8,52,62,97d06bfe8ddc880b6674a255327a0d26af28459c52d564f5057b4cd64625d7ab
XAI_0429,4817,s0016/s0016_01740_1_0_1_0_1_01.png,s0016_01740_1_0_1_0_1_01.png,s0016,1,1,0,0,1,1,test,1,open,True,1.0,1.0,True,0.9999955892562866,0.9999955892562866,True,0.9999810457229614,0.9999810457229614,True,0.9999065399169922,0.9999065399169922,True,0.9999999,0.9999999,True,0.999997,0.999997,6,True,0.9999065399169922,0.9999800124827066,1.0,501d30177d52cc548b412d08eaf8256bd1cb89aa90e70fc23df5bd098391608d,53,62,5bf27a834d28c22897a99571ac957d7f1aa0b057dd45f06599929f588328c5f5
XAI_0430,4921,s0016/s0016_01844_1_0_1_0_0_01.png,s0016_01844_1_0_1_0_0_01.png,s0016,1,1,0,0,0,1,test,1,open,True,0.9901624917984008,0.9901624917984008,True,0.997179627418518,0.997179627418518,True,0.9834399223327636,0.9834399223327636,True,0.9864116907119752,0.9864116907119752,True,0.99900657,0.99900657,True,0.992796,0.992796,6,True,0.9834399223327636,0.9914993837102762,0.99900657,525af3b665561989e7ab1ade7e5e7e2f88e438c028e1a89c788f6f97be15a1bf,54,62,131956fce3ddb6bd5e36eb535fda972266eb32973710a539828d19bd2f3f2fa0
XAI_0431,4795,s0016/s0016_01718_1_0_1_0_0_01.png,s0016_01718_1_0_1_0_0_01.png,s0016,1,1,0,0,0,1,test,1,open,True,0.9999995231628418,0.9999995231628418,True,0.9999396800994872,0.9999396800994872,True,0.9999706745147704,0.9999706745147704,True,0.9997904896736144,0.9997904896736144,True,0.99998724,0.99998724,True,0.9999696,0.9999696,6,True,0.9997904896736144,0.9999428679084524,0.9999995231628418,54c9265dd376b04c74a43eb903836ab075117371cbfc07913a1f9e90f85c457f,55,62,8beb3f96d1a5fe57dcaefb404d97c236428bbe58707634a75b80da70498a4717
XAI_0432,4821,s0016/s0016_01744_1_0_1_0_0_01.png,s0016_01744_1_0_1_0_0_01.png,s0016,1,1,0,0,0,1,test,1,open,True,0.7895774245262146,0.7895774245262146,True,0.6009455919265747,0.6009455919265747,True,0.9392344355583192,0.9392344355583192,True,0.6290044188499451,0.6290044188499451,True,0.6925624,0.6925624,True,0.95047444,0.95047444,6,True,0.6009455919265747,0.7669664518101755,0.95047444,5d4c894ada41be3408d068f3d8806d7bb6b87c64e5b452b0c91fa56f8e417145,56,62,c6fe5e6385707b66b683b54c127c8a6b915ac3740ec857fd07c923258b2a8425
XAI_0433,4965,s0016/s0016_01888_1_0_1_0_0_01.png,s0016_01888_1_0_1_0_0_01.png,s0016,1,1,0,0,0,1,test,1,open,True,1.0,1.0,True,0.9998999834060668,0.9998999834060668,True,0.9999994039535522,0.9999994039535522,True,0.9999144077301024,0.9999144077301024,True,0.9995167,0.9995167,True,0.9999002,0.9999002,6,True,0.9995167,0.9998717825149536,1.0,60705e8176843d45e66f2c77f5729f182c2d886fcd64bf3485dd3698e1f8d445,57,62,026d482f92c7f4779eefd6834cd5e1b1da114018f36d6ede79abdda7224915e4
XAI_0434,4819,s0016/s0016_01742_1_0_1_0_1_01.png,s0016_01742_1_0_1_0_1_01.png,s0016,1,1,0,0,1,1,test,1,open,True,0.9999582767486572,0.9999582767486572,True,0.9995304346084596,0.9995304346084596,True,0.9988588094711304,0.9988588094711304,True,0.999863862991333,0.999863862991333,True,0.99967635,0.99967635,True,0.99955803,0.99955803,6,True,0.9988588094711304,0.99957429396993,0.9999582767486572,6153127cc20cc646232f86e64b964627ed776941ef2965cbfa380023d2563382,58,62,aaf168af424025ee2a2b5b63ece8935847c5fea31cbd04e1406e7c662fa6630e
XAI_0435,4876,s0016/s0016_01799_1_0_1_0_0_01.png,s0016_01799_1_0_1_0_0_01.png,s0016,1,1,0,0,0,1,test,1,open,True,0.7590932250022888,0.7590932250022888,True,0.8058111071586609,0.8058111071586609,True,0.7108673453330994,0.7108673453330994,True,0.935374915599823,0.935374915599823,True,0.5628869,0.5628869,True,0.85973907,0.85973907,6,True,0.5628869,0.772295427182312,0.935374915599823,6321986c5982a1e7f8e3c05cd0c1558e02a0207ba5b0abf895de07621b057794,59,62,431935916a39085178a271e972bc41f001d008965461b1bc9430b80cc0c7cf4d
XAI_0436,4901,s0016/s0016_01824_1_0_1_0_0_01.png,s0016_01824_1_0_1_0_0_01.png,s0016,1,1,0,0,0,1,test,1,open,True,0.8278095722198486,0.8278095722198486,True,0.7796866297721863,0.7796866297721863,True,0.8665028214454651,0.8665028214454651,True,0.9278415441513062,0.9278415441513062,True,0.9442378,0.9442378,True,0.9745676,0.9745676,6,True,0.7796866297721863,0.8867743279314677,0.9745676,63b3e9fb2612add8c10b7044e8ed16da13781d62091bc6cb8f25af6710d190fc,60,62,41cbd3d688832cfe81a5bf5eb19c18ba4bebfb52b4b5a080f115fdac3b461199
XAI_0437,4849,s0016/s0016_01772_1_0_1_0_1_01.png,s0016_01772_1_0_1_0_1_01.png,s0016,1,1,0,0,1,1,test,1,open,True,0.8918466567993164,0.8918466567993164,True,0.9784340262413024,0.9784340262413024,True,0.9004049301147461,0.9004049301147461,True,0.9074261784553528,0.9074261784553528,True,0.99550325,0.99550325,True,0.99738663,0.99738663,6,True,0.8918466567993164,0.9451669452684529,0.99738663,641d6a7d89d57fe286363c9cc5e62887faaace9bdea8a480a2fbad965e4904c3,61,62,b3bea67c1e19c11b5f4b802d67d8b566acd362c2c71e4387c86c6b9a41a78246
XAI_0438,4954,s0016/s0016_01877_1_0_1_0_0_01.png,s0016_01877_1_0_1_0_0_01.png,s0016,1,1,0,0,0,1,test,1,open,True,0.6674309372901917,0.6674309372901917,True,0.7352572083473206,0.7352572083473206,True,0.8409708738327026,0.8409708738327026,True,0.9673347473144532,0.9673347473144532,True,0.8460199,0.8460199,True,0.8482786,0.8482786,6,True,0.6674309372901917,0.8175487111307781,0.9673347473144532,6434f0b2ca3af45aab8eb0caa16ae6b3509a766be2a87528f104a636649697e4,62,62,f9b7f89bb925660768a2644b2a2e07d74c789b0c7dca27cdd5eefa56974e6109
XAI_0439,8874,s0018/s0018_03908_0_0_1_0_1_01.png,s0018_03908_0_0_1_0_1_01.png,s0018,1,0,0,0,1,1,test,1,open,True,1.0,1.0,True,0.9999961853027344,0.9999961853027344,True,0.9999997615814208,0.9999997615814208,True,0.9999456405639648,0.9999456405639648,True,0.99999917,0.99999917,True,0.99999964,0.99999964,6,True,0.9999456405639648,0.9999900662413532,1.0,00220879877b964725e3f45daa859aca211f8755e07d0b72201040cfe08beaae,1,62,6fd7af1be0077bac5f650ac76627a6ed0795d616a200f9bee65233ebc3157ae8
XAI_0440,9160,s0018/s0018_04194_0_1_1_2_0_01.png,s0018_04194_0_1_1_2_0_01.png,s0018,1,0,1,2,0,1,test,1,open,True,0.9871052503585817,0.9871052503585817,True,0.7693925499916077,0.7693925499916077,True,0.9438965916633606,0.9438965916633606,True,0.9957014918327332,0.9957014918327332,True,0.9530833,0.9530833,True,0.99810994,0.99810994,6,True,0.7693925499916077,0.9412148539743805,0.99810994,00a90277c225694e005c2ada9350ab1329ba31529c8e9198e5c1ecd07fcd8569,2,62,af43b811f2df064029fe766db02305cd4092dfc7dd22237b76a0a6a55fe6ea85
XAI_0441,8912,s0018/s0018_03946_0_0_1_0_1_01.png,s0018_03946_0_0_1_0_1_01.png,s0018,1,0,0,0,1,1,test,1,open,True,0.9999998807907104,0.9999998807907104,True,0.9999865293502808,0.9999865293502808,True,0.9999419450759888,0.9999419450759888,True,0.9988848567008972,0.9988848567008972,True,0.99999475,0.99999475,True,0.99999964,0.99999964,6,True,0.9988848567008972,0.9998012669863128,0.9999998807907104,00a9a333bd815cb84379a51b8fe8e27401cf24633f1b6b4a8577c1b68b2f6bc7,3,62,13f6a7980300c8e5046f3b3ea74dae0a03559d8f7711f5c48f4c607a1e62da48
XAI_0442,9329,s0018/s0018_04363_0_1_1_2_0_01.png,s0018_04363_0_1_1_2_0_01.png,s0018,1,0,1,2,0,1,test,1,open,True,1.0,1.0,True,0.9999536275863647,0.9999536275863647,True,0.9999992847442628,0.9999992847442628,True,0.999874472618103,0.999874472618103,True,0.99802446,0.99802446,True,0.9999999,0.9999999,6,True,0.99802446,0.999641957491455,1.0,0112a16a27469806846ba636813e11b0f921bdf025e78f8998632696e6fe5eae,4,62,8139cad960cc681e9a18bc1f0b59f93cd01a80f4b8a822c4a29de657b9ab9138
XAI_0443,9061,s0018/s0018_04095_0_1_1_0_0_01.png,s0018_04095_0_1_1_0_0_01.png,s0018,1,0,1,0,0,1,test,1,open,True,0.9484641551971436,0.9484641551971436,True,0.9829639196395874,0.9829639196395874,True,0.8364846706390381,0.8364846706390381,True,0.8658029437065125,0.8658029437065125,True,0.5873362,0.5873362,True,0.9691251,0.9691251,6,True,0.5873362,0.865029498197047,0.9829639196395874,019de3d7dc15e150fcd71b149d69213ad3120fb4f1e7316eb63099063445f6c3,5,62,fa199a88c1574c4b012410313283066d964e69520c66955e62a5ca63df4e8405
XAI_0444,8742,s0018/s0018_03776_0_0_1_0_1_01.png,s0018_03776_0_0_1_0_1_01.png,s0018,1,0,0,0,1,1,test,1,open,True,1.0,1.0,True,0.9999111890792848,0.9999111890792848,True,1.0,1.0,True,0.9999338388442992,0.9999338388442992,True,0.9999676,0.9999676,True,0.9999989,0.9999989,6,True,0.9999111890792848,0.9999685879872638,1.0,01d60aba1bc2f20aed522dc5b61a241513418d29fa29f1fd1062f8088dd4e350,6,62,a429e0b1e39a9e7624afb8b8514e9901d6fa026a252a3984f1adfd7b1778f746
XAI_0445,8925,s0018/s0018_03959_0_0_1_0_1_01.png,s0018_03959_0_0_1_0_1_01.png,s0018,1,0,0,0,1,1,test,1,open,True,1.0,1.0,True,0.9999920129776,0.9999920129776,True,1.0,1.0,True,0.9999979734420776,0.9999979734420776,True,0.9999186,0.9999186,True,0.9999559,0.9999559,6,True,0.9999186,0.9999774144032796,1.0,02151c3288d3cefae4bea34169e544be3003eabd9cab501713cb1d416938d352,7,62,417ddd82af2da5f2fb8ec5ad26684966fb217fd56a21110cc26642a2b8236770
XAI_0446,9165,s0018/s0018_04199_0_1_1_2_0_01.png,s0018_04199_0_1_1_2_0_01.png,s0018,1,0,1,2,0,1,test,1,open,True,1.0,1.0,True,0.9999387264251708,0.9999387264251708,True,0.9999988079071044,0.9999988079071044,True,0.9998342990875244,0.9998342990875244,True,0.99625176,0.99625176,True,0.9999434,0.9999434,6,True,0.99625176,0.9993278322366334,1.0,031c05a12e965a717a1c9b037213ddf7822fb63b8f615c897d588ad0e8b3c1a4,8,62,7b9357610f2c1f4ead1c771bc16465220463747d488c11d184c193acd3a318f4
XAI_0447,8992,s0018/s0018_04026_0_0_1_0_1_01.png,s0018_04026_0_0_1_0_1_01.png,s0018,1,0,0,0,1,1,test,1,open,True,1.0,1.0,True,0.9999979734420776,0.9999979734420776,True,1.0,1.0,True,0.9999985694885254,0.9999985694885254,True,0.99999964,0.99999964,True,0.99999917,0.99999917,6,True,0.9999979734420776,0.9999992254884339,1.0,052ea588d21cb6bd0d424ce252035fa110568e6a0ab0c29d53bf2a6af2fc3cb9,9,62,a5fccbff3cae86a4e7046265ea98ec41828c86ffcdef37fd6e3f704f441357fe
XAI_0448,9127,s0018/s0018_04161_0_1_1_2_1_01.png,s0018_04161_0_1_1_2_1_01.png,s0018,1,0,1,2,1,1,test,1,open,True,0.999996542930603,0.999996542930603,True,0.986292600631714,0.986292600631714,True,0.8035211563110352,0.8035211563110352,True,0.99418443441391,0.99418443441391,True,0.9975661,0.9975661,True,0.99999094,0.99999094,6,True,0.8035211563110352,0.9635919623812104,0.999996542930603,06411e040636676fcade87b6c516adf2dec1518b8b92bf1ea92122e969e7526a,10,62,27a145ee4ff70b78dc9b95e81b917c894592edc9bbe035e26a780ab88c1f644b
XAI_0449,9213,s0018/s0018_04247_0_1_1_1_0_01.png,s0018_04247_0_1_1_1_0_01.png,s0018,1,0,1,1,0,1,test,1,open,True,0.8125556707382202,0.8125556707382202,True,0.7044325470924377,0.7044325470924377,True,0.5346825122833252,0.5346825122833252,True,0.663318395614624,0.663318395614624,True,0.82731307,0.82731307,True,0.9663246,0.9663246,6,True,0.5346825122833252,0.7514377992881012,0.9663246,0649c1bfad041e76bffc9b09b3430325658ba9b423f96f42646402b23935728d,11,62,d5326dd8685090fd96dd5727d7a6d635a784c22b41fec1c77b8e5867247db6c5
XAI_0450,8896,s0018/s0018_03930_0_0_1_0_1_01.png,s0018_03930_0_0_1_0_1_01.png,s0018,1,0,0,0,1,1,test,1,open,True,0.9997736811637878,0.9997736811637878,True,0.9993948936462402,0.9993948936462402,True,0.9962517619132996,0.9962517619132996,True,0.9873670339584352,0.9873670339584352,True,0.9999199,0.9999199,True,0.9999671,0.9999671,6,True,0.9873670339584352,0.9971123951136271,0.9999671,06a81c06d633d037e2b888bc0b7d54a948558a05a6b4160d518b2ee4fdb4c7be,12,62,cb2bf50d2eb86255d4586bcaa8c40a076d5c5acd062f1ab7d6c703e96bee7b48
XAI_0451,9086,s0018/s0018_04120_0_1_1_2_0_01.png,s0018_04120_0_1_1_2_0_01.png,s0018,1,0,1,2,0,1,test,1,open,True,0.999225616455078,0.999225616455078,True,0.9617282152175904,0.9617282152175904,True,0.9473670125007628,0.9473670125007628,True,0.9739536046981812,0.9739536046981812,True,0.93029296,0.93029296,True,0.98767173,0.98767173,6,True,0.93029296,0.9667065231452687,0.999225616455078,07af29c3a4b4db282f53acfd42e2218789f32c94e40cab1592e2fcd51c27bca6,13,62,951052384f0d733b1aa8016866307b8d71d4bd0f1c3af3635e4f8ce1186823d2
XAI_0452,9259,s0018/s0018_04293_0_1_1_2_0_01.png,s0018_04293_0_1_1_2_0_01.png,s0018,1,0,1,2,0,1,test,1,open,True,1.0,1.0,True,0.9999401569366456,0.9999401569366456,True,0.9999808073043824,0.9999808073043824,True,0.999832034111023,0.999832034111023,True,0.9931565,0.9931565,True,0.99999905,0.99999905,6,True,0.9931565,0.9988180913920083,1.0,07b8c0d08eb4a4152ca493b9a6ad8a72070e42f4426d76df76b10836d8267575,14,62,470eb9e9b72ff05421e427db1e91bd4ae7f3b2028d97fe3ff3d24e3d330e79b8
XAI_0453,9265,s0018/s0018_04299_0_1_1_2_0_01.png,s0018_04299_0_1_1_2_0_01.png,s0018,1,0,1,2,0,1,test,1,open,True,1.0,1.0,True,0.9999538660049438,0.9999538660049438,True,0.9999185800552368,0.9999185800552368,True,0.9999330043792723,0.9999330043792723,True,0.99941635,0.99941635,True,0.99999356,0.99999356,6,True,0.99941635,0.9998692267399089,1.0,08a8d9c7f2a29c9315ec824b8b9e2273ebb37b490f542273cf121cf7a4d5714b,15,62,29f94c54488fde9b5c83306df979f7a67ab18942d106819d230fe9afcf30aaa3
XAI_0454,9015,s0018/s0018_04049_0_0_1_0_1_01.png,s0018_04049_0_0_1_0_1_01.png,s0018,1,0,0,0,1,1,test,1,open,True,1.0,1.0,True,0.9999916553497314,0.9999916553497314,True,1.0,1.0,True,0.9999970197677612,0.9999970197677612,True,0.9999888,0.9999888,True,0.9999156,0.9999156,6,True,0.9999156,0.9999821791862488,1.0,08c3a00c842e9c65d24e6f0e81f527b978ad7d255219879af79e3963b1da73f6,16,62,4c291968cd6aab0dbedd4d8d828a5aec248a0a70887695964d06fb54d74ac73b
XAI_0455,8781,s0018/s0018_03815_0_0_1_0_1_01.png,s0018_03815_0_0_1_0_1_01.png,s0018,1,0,0,0,1,1,test,1,open,True,1.0,1.0,True,0.9999974966049194,0.9999974966049194,True,0.9999997615814208,0.9999997615814208,True,0.9999802112579346,0.9999802112579346,True,0.9999989,0.9999989,True,0.999997,0.999997,6,True,0.9999802112579346,0.9999955615740458,1.0,08e61a92a03e4591c7d41d6ff10b107e7114ca114aabd680da24dc41e3ee0e10,17,62,85be9e4d646e0c1b741d6a6a0148ba65f7748d839e4c88998a824ec61d3aff9b
XAI_0456,9083,s0018/s0018_04117_0_1_1_0_0_01.png,s0018_04117_0_1_1_0_0_01.png,s0018,1,0,1,0,0,1,test,1,open,True,0.988735854625702,0.988735854625702,True,0.9437398314476012,0.9437398314476012,True,0.7678686380386353,0.7678686380386353,True,0.9807053208351136,0.9807053208351136,True,0.8280095,0.8280095,True,0.88113767,0.88113767,6,True,0.7678686380386353,0.8983661358245087,0.988735854625702,0a145040b4f2209ffa1e9bf84327bd7d28c375321ea09fec17e3b344eeab7e22,18,62,da0c7a46738f113dce82b2c77d9ddccad277eb2aaab040d6c3b1f6aaa69d44f5
XAI_0457,8762,s0018/s0018_03796_0_0_1_0_1_01.png,s0018_03796_0_0_1_0_1_01.png,s0018,1,0,0,0,1,1,test,1,open,True,1.0,1.0,True,0.9998899698257446,0.9998899698257446,True,0.9999995231628418,0.9999995231628418,True,0.9999501705169678,0.9999501705169678,True,0.9999201,0.9999201,True,0.9998299,0.9998299,6,True,0.9998299,0.999931610584259,1.0,0b394007c6c141f5b52887cafbbee5cfb99ce18419de3118ea0ac9fc3e48fc8a,19,62,4c9162f20d9af2ffaf6aa1c4a7e2062b612047d7f20dfd6f3ab3926891b8c5a8
XAI_0458,9142,s0018/s0018_04176_0_1_1_2_0_01.png,s0018_04176_0_1_1_2_0_01.png,s0018,1,0,1,2,0,1,test,1,open,True,0.999171018600464,0.999171018600464,True,0.6558586955070496,0.6558586955070496,True,0.9621434211730956,0.9621434211730956,True,0.9877675771713256,0.9877675771713256,True,0.9865079,0.9865079,True,0.9998838,0.9998838,6,True,0.6558586955070496,0.9318887354086559,0.9998838,0b3f6cfa6ee70744d6e5dfe43f1afc25f3380855ff0ec7cec446dc873f2123d0,20,62,1c3e4aa212ba8d216cf5b93ae7cc100c84f8c705c8dd5462381804501af6a4fa
XAI_0459,8984,s0018/s0018_04018_0_0_1_0_1_01.png,s0018_04018_0_0_1_0_1_01.png,s0018,1,0,0,0,1,1,test,1,open,True,1.0,1.0,True,0.9999982118606568,0.9999982118606568,True,1.0,1.0,True,0.999998927116394,0.999998927116394,True,0.9999987,0.9999987,True,1.0,1.0,6,True,0.9999982118606568,0.9999993064961751,1.0,0b551ba6407bab56f0c0f33a216c3e8bcd2b09e5d0cd322fe330627f9d7a6066,21,62,27d133ba0c12230631bc2a718a5d8c4e38aac0572add7551d83fc17e94540ed3
XAI_0460,8678,s0018/s0018_03712_0_0_1_0_1_01.png,s0018_03712_0_0_1_0_1_01.png,s0018,1,0,0,0,1,1,test,1,open,True,1.0,1.0,True,0.9999980926513672,0.9999980926513672,True,1.0,1.0,True,0.999994158744812,0.999994158744812,True,0.99999154,0.99999154,True,0.99999654,0.99999654,6,True,0.99999154,0.9999967218993632,1.0,0ba7718d21533f985d2e51d4aa6a17204d3b8bb44f5fb92b5c6563f118264f08,22,62,23c32b242928f10e79f77ff06f3b776e1428d1e9584fef880da49546a93e2efe
XAI_0461,8657,s0018/s0018_03691_0_0_1_0_1_01.png,s0018_03691_0_0_1_0_1_01.png,s0018,1,0,0,0,1,1,test,1,open,True,1.0,1.0,True,0.9999920129776,0.9999920129776,True,1.0,1.0,True,0.999992609024048,0.999992609024048,True,0.99991524,0.99991524,True,0.9999987,0.9999987,6,True,0.99991524,0.9999830936669413,1.0,0c0427847e8e7ba4dc895577074f3db748918cd45a736fc687a50260f3145d50,23,62,a1fedd5f37cbb3321d39eea278f43d1d5e6332d3f889695a77d56375804d1988
XAI_0462,8837,s0018/s0018_03871_0_0_1_0_1_01.png,s0018_03871_0_0_1_0_1_01.png,s0018,1,0,0,0,1,1,test,1,open,True,1.0,1.0,True,0.999993085861206,0.999993085861206,True,1.0,1.0,True,0.9999990463256836,0.9999990463256836,True,0.9996358,0.9996358,True,0.9999908,0.9999908,6,True,0.9996358,0.9999364553644816,1.0,0c0c82990592940135dab4cb199a9f751d4186c19d115cfc4cd38b05e4af1f69,24,62,d1a254ddf032019f9f837f489a812e370c2b3c275ab6688ac69ef6c6c3cab9ae
XAI_0463,8949,s0018/s0018_03983_0_0_1_0_1_01.png,s0018_03983_0_0_1_0_1_01.png,s0018,1,0,0,0,1,1,test,1,open,True,1.0,1.0,True,0.9999990463256836,0.9999990463256836,True,1.0,1.0,True,0.999996304512024,0.999996304512024,True,0.9999919,0.9999919,True,0.9999969,0.9999969,6,True,0.9999919,0.9999973584729513,1.0,0c10ec30eaac99bc0b953b32d83d0b9c6ce41c1b4a359a715f2973899fba84f5,25,62,6543f39fe0abc258fb6a6d8a80e72104f6a81e8f7ed9b2ea88f73da1441d1dfd
XAI_0464,8726,s0018/s0018_03760_0_0_1_0_1_01.png,s0018_03760_0_0_1_0_1_01.png,s0018,1,0,0,0,1,1,test,1,open,True,1.0,1.0,True,0.9999998807907104,0.9999998807907104,True,1.0,1.0,True,0.9999969005584716,0.9999969005584716,True,0.99999344,0.99999344,True,1.0,1.0,6,True,0.99999344,0.9999983702248637,1.0,0c138084f7eb2b991163b7083de089107c9c8b3f302c5874c2b9bfc4bd406edc,26,62,821a72c3d9474a647b8ba8a02a84e7fb189afcb5303ccfb133fdf621729a9562
XAI_0465,8805,s0018/s0018_03839_0_0_1_0_0_01.png,s0018_03839_0_0_1_0_0_01.png,s0018,1,0,0,0,0,1,test,1,open,True,0.9999138116836548,0.9999138116836548,True,0.9973498582839966,0.9973498582839966,True,0.9999423027038574,0.9999423027038574,True,0.9994571805000304,0.9994571805000304,True,0.9998436,0.9998436,True,0.99988353,0.99988353,6,True,0.9973498582839966,0.9993983805285899,0.9999423027038574,0c4693207e91575f71fa460bf4555b2aac278cf0845f6d68d89cd745b7461f83,27,62,0ba72f1b22c07d2bb4d6e42d493709d5dd8b3aad4dc2d1320ce1f7c3cdfc22b1
XAI_0466,8727,s0018/s0018_03761_0_0_1_0_1_01.png,s0018_03761_0_0_1_0_1_01.png,s0018,1,0,0,0,1,1,test,1,open,True,1.0,1.0,True,0.9999997615814208,0.9999997615814208,True,1.0,1.0,True,0.999996781349182,0.999996781349182,True,0.99999905,0.99999905,True,1.0,1.0,6,True,0.999996781349182,0.9999992654884338,1.0,0cb2754c94303d96ebed7ec259ef8eb391f4138c79a1d47975c2f16dfbeefb0e,28,62,dbe08000b55f5808b602fa331bea7f76e32186c75f598a003fbac6c69308331e
XAI_0467,8660,s0018/s0018_03694_0_0_1_0_1_01.png,s0018_03694_0_0_1_0_1_01.png,s0018,1,0,0,0,1,1,test,1,open,True,1.0,1.0,True,0.9999923706054688,0.9999923706054688,True,1.0,1.0,True,0.9999860525131226,0.9999860525131226,True,0.9999963,0.9999963,True,0.9999989,0.9999989,6,True,0.9999860525131226,0.9999956038530987,1.0,0cc9185cd596fbbcd3bceadce9fd5c5afa0390ecc75c211dda8edf45a0c0b2e6,29,62,b3fe35ef967b8ffe84d64d4b90e6e34f82b5373f6a2176b4377ce43e6d3ec019
XAI_0468,8754,s0018/s0018_03788_0_0_1_0_1_01.png,s0018_03788_0_0_1_0_1_01.png,s0018,1,0,0,0,1,1,test,1,open,True,1.0,1.0,True,0.9999715089797974,0.9999715089797974,True,0.9999966621398926,0.9999966621398926,True,0.9999637603759766,0.9999637603759766,True,0.9998809,0.9998809,True,0.99992037,0.99992037,6,True,0.9998809,0.999955533582611,1.0,0cded2339feac249feb8eccfef4d95209f3c2a9d6a1b1bc2c2a21acf69c32efb,30,62,44207c1600fd65113d8cb1978f3f7007a0108beaa829edde8751850853d42cd0
XAI_0469,8892,s0018/s0018_03926_0_0_1_0_1_01.png,s0018_03926_0_0_1_0_1_01.png,s0018,1,0,0,0,1,1,test,1,open,True,0.98920339345932,0.98920339345932,True,0.9940138459205629,0.9940138459205629,True,0.9729348421096802,0.9729348421096802,True,0.9814401268959044,0.9814401268959044,True,0.99853694,0.99853694,True,0.99953294,0.99953294,6,True,0.9729348421096802,0.9892770147309112,0.99953294,0cf5c208c99b184e4b47cf072d04fff233cb770e9890c338f8818707c03c7c05,31,62,b9c0fbc0c3fb796cca40486a5535e6c672e0644d7dd00b826943f9e0b54033ad
XAI_0470,8942,s0018/s0018_03976_0_0_1_0_1_01.png,s0018_03976_0_0_1_0_1_01.png,s0018,1,0,0,0,1,1,test,1,open,True,1.0,1.0,True,0.9999969005584716,0.9999969005584716,True,1.0,1.0,True,0.9999960660934448,0.9999960660934448,True,0.99999416,0.99999416,True,0.99998164,0.99998164,6,True,0.99998164,0.999994794441986,1.0,0d2a33cd6c70e3bfcdf95c9a48eacfaec783d929a9814a515d64b41b6171572a,32,62,08f8965187f241c424fb39419ad01b4951fbe24598c33511c340f770c5d26f9f
XAI_0471,8859,s0018/s0018_03893_0_0_1_0_0_01.png,s0018_03893_0_0_1_0_0_01.png,s0018,1,0,0,0,0,1,test,1,open,True,0.9999794960021972,0.9999794960021972,True,0.9995013475418092,0.9995013475418092,True,0.9994139671325684,0.9994139671325684,True,0.9998894929885864,0.9998894929885864,True,0.99964774,0.99964774,True,0.99969685,0.99969685,6,True,0.9994139671325684,0.9996881489441937,0.9999794960021972,0d554d9d74734f00ab30a2246ed2c4be9f2b38db966fb91c64a0a946a4b90b3c,33,62,ac01a350f86205a8c39ab825c003800168aca1631e4cf49f8ab10243f7965edc
XAI_0472,8937,s0018/s0018_03971_0_0_1_0_1_01.png,s0018_03971_0_0_1_0_1_01.png,s0018,1,0,0,0,1,1,test,1,open,True,1.0,1.0,True,0.9999983310699464,0.9999983310699464,True,1.0,1.0,True,0.999994158744812,0.999994158744812,True,0.9999887,0.9999887,True,0.9999682,0.9999682,6,True,0.9999682,0.9999915649691263,1.0,0da02acee7e8aca116bde2d55b2045866fe76938fa98e0f0d65ce6169e638305,34,62,e85ccf471129ea16bb1e8788453957ddb5141ecc742695be06032ae26e67fe2f
XAI_0473,9158,s0018/s0018_04192_0_1_1_2_0_01.png,s0018_04192_0_1_1_2_0_01.png,s0018,1,0,1,2,0,1,test,1,open,True,0.7402617931365967,0.7402617931365967,True,0.6726417541503906,0.6726417541503906,True,0.708693265914917,0.708693265914917,True,0.9926647543907166,0.9926647543907166,True,0.9687037,0.9687037,True,0.99318564,0.99318564,6,True,0.6726417541503906,0.8460251512654368,0.99318564,0eb1e831ed30653830a948bb73a71418689f27c07262db86620a838b730f4946,35,62,ac0dd2014b853fb44fc7b02feac88f97631f5b39285ed9d9137c7b0b485cd911
XAI_0474,8668,s0018/s0018_03702_0_0_1_0_1_01.png,s0018_03702_0_0_1_0_1_01.png,s0018,1,0,0,0,1,1,test,1,open,True,1.0,1.0,True,0.9999990463256836,0.9999990463256836,True,1.0,1.0,True,0.9999951124191284,0.9999951124191284,True,0.9999628,0.9999628,True,0.9999995,0.9999995,6,True,0.9999628,0.9999927431241354,1.0,0ed757d1f56c7ad2157c7eac3cd32838b7a22d7e7ac5912ef4dad00e71d6093d,36,62,930c15983a163f9b388196a3143f6b886f4473bdaeef50de792051863b53ff37
XAI_0475,9009,s0018/s0018_04043_0_0_1_0_1_01.png,s0018_04043_0_0_1_0_1_01.png,s0018,1,0,0,0,1,1,test,1,open,True,1.0,1.0,True,0.9999881982803344,0.9999881982803344,True,0.9999997615814208,0.9999997615814208,True,0.9999958276748656,0.9999958276748656,True,0.99996257,0.99996257,True,0.99993813,0.99993813,6,True,0.99993813,0.9999807479227703,1.0,0edfe450a63d314fef45e74f55ae5e2c428d9947a528cda967b741eef11737f6,37,62,e2433112d16249ec40a3f7234133b94c6e0a1d05eec95f3061c6625b029a19c4
XAI_0476,9164,s0018/s0018_04198_0_1_1_2_0_01.png,s0018_04198_0_1_1_2_0_01.png,s0018,1,0,1,2,0,1,test,1,open,True,1.0,1.0,True,0.999991774559021,0.999991774559021,True,0.9999996423721312,0.9999996423721312,True,0.999964475631714,0.999964475631714,True,0.99906236,0.99906236,True,0.99999404,0.99999404,6,True,0.99906236,0.999835382093811,1.0,0efc782a044624f27c5b258913207f2d85b471ef35fe3e7fca86d18d9623e7de,38,62,d3fd93be527f1f4c467d46459845a4e5260f2e60591ecbf6f2a0c172f4ba676c
XAI_0477,8908,s0018/s0018_03942_0_0_1_0_1_01.png,s0018_03942_0_0_1_0_1_01.png,s0018,1,0,0,0,1,1,test,1,open,True,1.0,1.0,True,0.9999573230743408,0.9999573230743408,True,0.9995027780532836,0.9995027780532836,True,0.9947813153266908,0.9947813153266908,True,0.9999988,0.9999988,True,0.9999987,0.9999987,6,True,0.9947813153266908,0.9990398194090525,1.0,100b7aca7801b405341c009ceae9c041f8fb133760e1ea1345a740b8e18203dd,39,62,17eb2f5273b9ef2121458401a2d4e3a0dbbc13f22b90257a7af3f7d356f5a1e5
XAI_0478,8777,s0018/s0018_03811_0_0_1_0_1_01.png,s0018_03811_0_0_1_0_1_01.png,s0018,1,0,0,0,1,1,test,1,open,True,1.0,1.0,True,0.9999990463256836,0.9999990463256836,True,1.0,1.0,True,0.9999983310699464,0.9999983310699464,True,0.9999993,0.9999993,True,1.0,1.0,6,True,0.9999983310699464,0.999999446232605,1.0,104305fe0365085a0f0297f3963277d7b1f53b407cde5bac9d76062f6f0ab424,40,62,f8c1fcafeb5da439aa7b7b0bc5dd29b186230a72ff390ec2beefb98746cfe7a7
XAI_0479,9277,s0018/s0018_04311_0_1_1_1_0_01.png,s0018_04311_0_1_1_1_0_01.png,s0018,1,0,1,1,0,1,test,1,open,True,0.9999551773071288,0.9999551773071288,True,0.9986318945884703,0.9986318945884703,True,0.9836905598640442,0.9836905598640442,True,0.986546277999878,0.986546277999878,True,0.9943099,0.9943099,True,0.99868435,0.99868435,6,True,0.9836905598640442,0.9936363599599204,0.9999551773071288,10e75c0f36f2cb84f3347c9f5faecc0fa011535ebf4c20ff36c2d138cd55b795,41,62,2a864ea2c3302398a81bf114228e3bc45f5b0815328b0fefe6f874d26f532ba4
XAI_0480,9174,s0018/s0018_04208_0_1_1_2_0_01.png,s0018_04208_0_1_1_2_0_01.png,s0018,1,0,1,2,0,1,test,1,open,True,1.0,1.0,True,0.9999936819076538,0.9999936819076538,True,0.9999998807907104,0.9999998807907104,True,0.9999103546142578,0.9999103546142578,True,0.9998666,0.9998666,True,0.9999999,0.9999999,6,True,0.9998666,0.9999617362187703,1.0,10e7c6cea1614332bf50db75a108e133aba687dfd09448822ad1ca6e793726af,42,62,1e0e7ef2591a1675e0d19edf0a324b8ba66c4ebf2eb48d1e9dd992fa427f3198
XAI_0481,8954,s0018/s0018_03988_0_0_1_0_1_01.png,s0018_03988_0_0_1_0_1_01.png,s0018,1,0,0,0,1,1,test,1,open,True,1.0,1.0,True,0.9999964237213136,0.9999964237213136,True,1.0,1.0,True,0.999997854232788,0.999997854232788,True,0.9999933,0.9999933,True,0.9999999,0.9999999,6,True,0.9999933,0.9999979129923502,1.0,1127b87e387e4b988a2475b31ceb5017b58fa8c9a02bae04284947bd0ca87a20,43,62,30a11c4b6cff5c4d5a290a099669da9e112dcd9e005c5ed4c301037e777f82f6
XAI_0482,8787,s0018/s0018_03821_0_0_1_0_0_01.png,s0018_03821_0_0_1_0_0_01.png,s0018,1,0,0,0,0,1,test,1,open,True,1.0,1.0,True,0.9999650716781616,0.9999650716781616,True,0.9999986886978148,0.9999986886978148,True,0.9999058246612548,0.9999058246612548,True,0.99993014,0.99993014,True,0.99996877,0.99996877,6,True,0.9999058246612548,0.9999614158395386,1.0,11a12b6c837b254deb2b54397ce332d845679da4073bac49ecdabcb86b01771c,44,62,d7b667b290c9bf4ffece3a4f81157df5df95abec4504db89002b39348287d926
XAI_0483,9309,s0018/s0018_04343_0_1_1_2_0_01.png,s0018_04343_0_1_1_2_0_01.png,s0018,1,0,1,2,0,1,test,1,open,True,0.9999998807907104,0.9999998807907104,True,0.992350161075592,0.992350161075592,True,0.9773030281066896,0.9773030281066896,True,0.9952664375305176,0.9952664375305176,True,0.9994429,0.9994429,True,0.9999132,0.9999132,6,True,0.9773030281066896,0.9940459345839182,0.9999998807907104,1392ce58fa96a553690f1894aef6dbf22a20414e9b0bd69b569248f7db4730fa,45,62,12222c4234ff984366be02d795b1110f11c8a8acc7b4da681ff1d12d46643b51
XAI_0484,9129,s0018/s0018_04163_0_1_1_2_0_01.png,s0018_04163_0_1_1_2_0_01.png,s0018,1,0,1,2,0,1,test,1,open,True,0.9998040795326232,0.9998040795326232,True,0.7688268423080444,0.7688268423080444,True,0.867378294467926,0.867378294467926,True,0.9937273263931274,0.9937273263931274,True,0.9464039,0.9464039,True,0.99990237,0.99990237,6,True,0.7688268423080444,0.9293404687836202,0.99990237,146cb1dc11894af32eb120dc8c2316c0114b83b9543cfc178f6a8ceedca689c7,46,62,6403b471cc543a3a3677b0a826327114d1a82a59b305afbdcde86dbaae1249b3
XAI_0485,8914,s0018/s0018_03948_0_0_1_0_1_01.png,s0018_03948_0_0_1_0_1_01.png,s0018,1,0,0,0,1,1,test,1,open,True,0.999998927116394,0.999998927116394,True,0.9999222755432128,0.9999222755432128,True,0.9959155917167664,0.9959155917167664,True,0.9936953186988832,0.9936953186988832,True,0.9999988,0.9999988,True,0.9999987,0.9999987,6,True,0.9936953186988832,0.9982549355125427,0.999998927116394,153a32e07977c9e9518aec4376588ac0c5c48a633a66186614a36c67ba47ec4e,47,62,80249ae4e22d252b0d58338e191c5cd6a306d18f7e454a6277d0e3f9ff533595
XAI_0486,9295,s0018/s0018_04329_0_1_1_1_0_01.png,s0018_04329_0_1_1_1_0_01.png,s0018,1,0,1,1,0,1,test,1,open,True,0.9768765568733216,0.9768765568733216,True,0.9575063586235046,0.9575063586235046,True,0.9449065327644348,0.9449065327644348,True,0.8972607851028442,0.8972607851028442,True,0.86244655,0.86244655,True,0.9852782,0.9852782,6,True,0.86244655,0.9373791638940174,0.9852782,15a9e7659c52cbdd65b1e882c92ac7100cb8d0e523f46f3ba0c2b05e7f46c889,48,62,7f45c0d516a8b9e9f76e4235e130e4e5786cb862eb4261a9bc79ac2829099273
XAI_0487,9362,s0018/s0018_04396_0_1_1_2_0_01.png,s0018_04396_0_1_1_2_0_01.png,s0018,1,0,1,2,0,1,test,1,open,True,1.0,1.0,True,0.999957799911499,0.999957799911499,True,0.9999990463256836,0.9999990463256836,True,0.9998410940170288,0.9998410940170288,True,0.99063385,0.99063385,True,0.9999988,0.9999988,6,True,0.99063385,0.9984050983757019,1.0,15b2ce5f90e66b3fa00b27186d25e923e7900ac57d3b34ee231fe89d561c538d,49,62,a2252e0b41b6a0b07532c3fbce31c72b36bd1fa65d384d7ef49dd25144a0c45e
XAI_0488,8835,s0018/s0018_03869_0_0_1_0_0_01.png,s0018_03869_0_0_1_0_0_01.png,s0018,1,0,0,0,0,1,test,1,open,True,0.9999655485153198,0.9999655485153198,True,0.9995996356010436,0.9995996356010436,True,0.9981651902198792,0.9981651902198792,True,0.9985920786857604,0.9985920786857604,True,0.9999726,0.9999726,True,0.9999758,0.9999758,6,True,0.9981651902198792,0.9993784755036671,0.9999758,1602136ab68d102accc071178ae5605508bf77e0cfeb4f615e2d467b51d9f16c,50,62,a08bf1d202cb5fc64c226617eaa14057286c9a4e325d59fba2b6e25d1e423678
XAI_0489,8933,s0018/s0018_03967_0_0_1_0_1_01.png,s0018_03967_0_0_1_0_1_01.png,s0018,1,0,0,0,1,1,test,1,open,True,1.0,1.0,True,0.9999938011169434,0.9999938011169434,True,1.0,1.0,True,0.9999934434890748,0.9999934434890748,True,0.9999653,0.9999653,True,0.9999893,0.9999893,6,True,0.9999653,0.9999903074343363,1.0,16d3f0263f2dbeeb45c49cbc5c8abcf03f4e16ab1d5bccf419cc64dfc1098463,51,62,b8462ff7336e5bb46f424155435bb2b5ca63d12cc9339bd64e423ba53416cf7b
XAI_0490,8733,s0018/s0018_03767_0_0_1_0_1_01.png,s0018_03767_0_0_1_0_1_01.png,s0018,1,0,0,0,1,1,test,1,open,True,1.0,1.0,True,0.9999998807907104,0.9999998807907104,True,1.0,1.0,True,0.9999988079071044,0.9999988079071044,True,0.9999975,0.9999975,True,0.9999999,0.9999999,6,True,0.9999975,0.9999993481163024,1.0,1763abb240cb71aed0238f0fd87ca96134799d402fad2d7d0880c44b89375daf,52,62,9374b056ff1760b3c214acfe46e9e57f4f4c5f6ac005d07fa3b475988940f58c
XAI_0491,8889,s0018/s0018_03923_0_0_1_0_1_01.png,s0018_03923_0_0_1_0_1_01.png,s0018,1,0,0,0,1,1,test,1,open,True,1.0,1.0,True,0.9999958276748656,0.9999958276748656,True,1.0,1.0,True,0.9999799728393556,0.9999799728393556,True,0.9999975,0.9999975,True,0.99999404,0.99999404,6,True,0.9999799728393556,0.9999945567523701,1.0,18760d4198336ba7d721f87abd43f0bc74d78ed52cd2979cff2bfcc24324234c,53,62,e5179f8e54fe9b078a1a340c20e6482deef58618aab79e999926b7f6dbb1a78a
XAI_0492,8719,s0018/s0018_03753_0_0_1_0_1_01.png,s0018_03753_0_0_1_0_1_01.png,s0018,1,0,0,0,1,1,test,1,open,True,1.0,1.0,True,0.9999994039535522,0.9999994039535522,True,1.0,1.0,True,0.9999948740005492,0.9999948740005492,True,0.9999908,0.9999908,True,0.99999857,0.99999857,6,True,0.9999908,0.9999972746590169,1.0,1892a507a4336af58d190337787b1a8d664773df3ceb15b61b9fb41bd540b7b2,54,62,c3eb5f7370b1583a94ee2e14385ff1a8fc09ecdd62cc293928f2d85f81baecaa
XAI_0493,8940,s0018/s0018_03974_0_0_1_0_1_01.png,s0018_03974_0_0_1_0_1_01.png,s0018,1,0,0,0,1,1,test,1,open,True,1.0,1.0,True,0.9999998807907104,0.9999998807907104,True,1.0,1.0,True,0.9999972581863404,0.9999972581863404,True,1.0,1.0,True,0.9999999,0.9999999,6,True,0.9999972581863404,0.9999995064961751,1.0,1a92044460161e610d825dfd094dcc6d9316fba067319cdd48b90cf0fdf5352b,55,62,7aeaaaaf72ef487c04ad93463abe2f6cfebc48b9edc089a4fe51e58007b5d3b9
XAI_0494,9178,s0018/s0018_04212_0_1_1_2_0_01.png,s0018_04212_0_1_1_2_0_01.png,s0018,1,0,1,2,0,1,test,1,open,True,1.0,1.0,True,0.9999840259552002,0.9999840259552002,True,0.9999979734420776,0.9999979734420776,True,0.999924898147583,0.999924898147583,True,0.9975611,0.9975611,True,0.9999994,0.9999994,6,True,0.9975611,0.9995778995908102,1.0,1abe2ea095263c8269df836b296e0da8fde356a24279979d3dbed7876b453d19,56,62,48d19a4ba149da0b4d4b059a1cf444135e02191d1d5b3d5d74e7a88eaa05e334
XAI_0495,9326,s0018/s0018_04360_0_1_1_2_0_01.png,s0018_04360_0_1_1_2_0_01.png,s0018,1,0,1,2,0,1,test,1,open,True,1.0,1.0,True,0.9999063014984132,0.9999063014984132,True,1.0,1.0,True,0.9983502626419068,0.9983502626419068,True,0.9992987,0.9992987,True,0.9999995,0.9999995,6,True,0.9983502626419068,0.9995924606900534,1.0,1b575d564148baf0255de515d05ecb83a5409608b217ef95fcde520e629b07e4,57,62,432c1514a2d7fc478b2f90f89965e320ba7550cba6a38e68231d6c5fe3783e86
XAI_0496,8666,s0018/s0018_03700_0_0_1_0_1_01.png,s0018_03700_0_0_1_0_1_01.png,s0018,1,0,0,0,1,1,test,1,open,True,1.0,1.0,True,0.9999874830245972,0.9999874830245972,True,1.0,1.0,True,0.9999974966049194,0.9999974966049194,True,0.99995637,0.99995637,True,0.99999857,0.99999857,6,True,0.99995637,0.9999899866049193,1.0,1c41ae2a7059411c633aa52aae284a01ff65f8597ff68c182b59030b9a4205c8,58,62,625f8fb56a248156740bb0c51ff5ffeea538f960c756e24f18b22229b4568c0a
XAI_0497,9100,s0018/s0018_04134_0_1_1_1_0_01.png,s0018_04134_0_1_1_1_0_01.png,s0018,1,0,1,1,0,1,test,1,open,True,0.936971127986908,0.936971127986908,True,0.9281574487686156,0.9281574487686156,True,0.657325804233551,0.657325804233551,True,0.9676522016525269,0.9676522016525269,True,0.6224066,0.6224066,True,0.9799834,0.9799834,6,True,0.6224066,0.8487494304402668,0.9799834,1c4a4385af28417272b1836ae61cb3bf9120997d915047c401a92ea66dfe28bf,59,62,dcdd8675879304c5aba076640e497040d52d8936984c5dc315476df65cb8870a
XAI_0498,8670,s0018/s0018_03704_0_0_1_0_1_01.png,s0018_03704_0_0_1_0_1_01.png,s0018,1,0,0,0,1,1,test,1,open,True,1.0,1.0,True,0.9999665021896362,0.9999665021896362,True,1.0,1.0,True,0.9999959468841552,0.9999959468841552,True,0.9994924,0.9994924,True,0.99999774,0.99999774,6,True,0.9994924,0.9999087648456321,1.0,1d153760dc99b696168418b1075919e69b44050ba1ad1fb2629be2e2c83c5f9c,60,62,d3ba8e7ba2ce7256504e1ae9f9ba82a15b34fcad25818f0c504fe276556491a7
XAI_0499,8860,s0018/s0018_03894_0_0_1_0_0_01.png,s0018_03894_0_0_1_0_0_01.png,s0018,1,0,0,0,0,1,test,1,open,True,1.0,1.0,True,0.9998276233673096,0.9998276233673096,True,0.9999228715896606,0.9999228715896606,True,0.9997780919075012,0.9997780919075012,True,0.9999883,0.9999883,True,0.9999999,0.9999999,6,True,0.9997780919075012,0.9999194644774119,1.0,1ec453d2e4fa3cffef76a6d50c7ac01f209f317c408772170239d1a20e77289c,61,62,72ee10e5d71010631ebf4983368f17e234171872b2b46cec267f8ca3312be366
XAI_0500,9293,s0018/s0018_04327_0_1_1_1_0_01.png,s0018_04327_0_1_1_1_0_01.png,s0018,1,0,1,1,0,1,test,1,open,True,0.9636626243591307,0.9636626243591307,True,0.886946976184845,0.886946976184845,True,0.8955168128013611,0.8955168128013611,True,0.9179975390434264,0.9179975390434264,True,0.93224025,0.93224025,True,0.98639023,0.98639023,6,True,0.886946976184845,0.9304590720647937,0.98639023,1eeb5ffa46d01a6481f195cd38731f16e18c5438bb5022bd890ab11a911dff7f,62,62,f5448fa58530579151928b9f2efaa5ab608638d7becf53322185dcb934c68da6
