{
  "mobilenetv3": {
    "accuracy": {
      "top1": 0.9898688279833635,
      "f1": 0.9793659223197502,
      "auc": 0.9988662272853019,
      "alpha": 0.9893669925294718
    },
    "efficiency": {
      "params_M": 4.204594,
      "flops_G": 0.233561016,
      "latency_ms": 11.757795099998475
    },
    "robustness": {
      "clean_f1": 0.9793659223197502,
      "conditions": {
        "noise_mild": {
          "f1": 0.46124676817006605,
          "retention": 0.4709646901717242
        },
        "noise_moderate": {
          "f1": 0.515250665000141,
          "retention": 0.5261063850166501
        },
        "noise_severe": {
          "f1": 0.39180415900192833,
          "retention": 0.4000590076423033
        },
        "brightness_mild": {
          "f1": 0.9792643967291982,
          "retention": 0.9998963353857447
        },
        "brightness_moderate": {
          "f1": 0.9806729397797631,
          "retention": 1.0013345547667383
        },
        "brightness_severe": {
          "f1": 0.9785746567173867,
          "retention": 0.999192063370462
        },
        "blur_mild": {
          "f1": 0.9700726456896317,
          "retention": 0.9905109250604655
        },
        "blur_moderate": {
          "f1": 0.9377372996910125,
          "retention": 0.957494311696965
        },
        "blur_severe": {
          "f1": 0.8705039145084424,
          "retention": 0.8888443988805997
        }
      },
      "rho": 0.8038225191101835
    },
    "explainability": {
      "deletion_auc": 0.8573511129030957,
      "insertion_auc": 0.9776396886110306,
      "eps": 0.5601442878539674
    }
  },
  "shufflenetv2": {
    "accuracy": {
      "top1": 0.9793110803028687,
      "f1": 0.956575428034973,
      "auc": 0.9975619523661255,
      "alpha": 0.9778161535679891
    },
    "efficiency": {
      "params_M": 1.255654,
      "flops_G": 0.15168684,
      "latency_ms": 11.32707020000089
    },
    "robustness": {
      "clean_f1": 0.956575428034973,
      "conditions": {
        "noise_mild": {
          "f1": 0.46124676817006605,
          "retention": 0.4821854656224795
        },
        "noise_moderate": {
          "f1": 0.4611538903574302,
          "retention": 0.48208837154091116
        },
        "noise_severe": {
          "f1": 0.46785007739246215,
          "retention": 0.48908853779940215
        },
        "brightness_mild": {
          "f1": 0.9660640651742773,
          "retention": 1.009919382059391
        },
        "brightness_moderate": {
          "f1": 0.9668733562307329,
          "retention": 1.0107654115859053
        },
        "brightness_severe": {
          "f1": 0.9563887086974544,
          "retention": 0.9998048043760625
        },
        "blur_mild": {
          "f1": 0.9664134614999693,
          "retention": 1.010284639534601
        },
        "blur_moderate": {
          "f1": 0.9359540875743392,
          "retention": 0.9784425358876353
        },
        "blur_severe": {
          "f1": 0.87186162198467,
          "retention": 0.911440537183435
        }
      },
      "rho": 0.8193355206210914
    },
    "explainability": {
      "deletion_auc": 0.7780892108976841,
      "insertion_auc": 0.9901387178897858,
      "eps": 0.6060247534960508
    }
  },
  "efficientnet_b0": {
    "accuracy": {
      "top1": 0.981870534286019,
      "f1": 0.9624567358328104,
      "auc": 0.9953549806958079,
      "alpha": 0.9798940836048792
    },
    "efficiency": {
      "params_M": 4.01011,
      "flops_G": 0.413867584,
      "latency_ms": 16.55375179999828
    },
    "robustness": {
      "clean_f1": 0.9624567358328104,
      "conditions": {
        "noise_mild": {
          "f1": 0.2825482992079387,
          "retention": 0.2935698704040454
        },
        "noise_moderate": {
          "f1": 0.2622110270212022,
          "retention": 0.27243928714812504
        },
        "noise_severe": {
          "f1": 0.22904987494289322,
          "retention": 0.23798459340065523
        },
        "brightness_mild": {
          "f1": 0.9617433014586522,
          "retention": 0.9992587361617445
        },
        "brightness_moderate": {
          "f1": 0.9612663605206948,
          "retention": 0.9987631908346658
        },
        "brightness_severe": {
          "f1": 0.932095076785634,
          "retention": 0.9684540011859291
        },
        "blur_mild": {
          "f1": 0.9689332180914003,
          "retention": 1.006729115208473
        },
        "blur_moderate": {
          "f1": 0.9676621150802507,
          "retention": 1.005408429338838
        },
        "blur_severe": {
          "f1": 0.9313259768985009,
          "retention": 0.9676549004487228
        }
      },
      "rho": 0.7500291249034665
    },
    "explainability": {
      "deletion_auc": 0.45340791764855387,
      "insertion_auc": 0.9613678985536098,
      "eps": 0.753979990452528
    }
  },
  "deit_tiny": {
    "accuracy": {
      "top1": 0.9875226618321424,
      "f1": 0.9751541743192473,
      "auc": 0.9983465487546737,
      "alpha": 0.9870077949686878
    },
    "efficiency": {
      "params_M": 5.477186,
      "flops_G": 1.074659712,
      "latency_ms": 12.056136700000934
    },
    "robustness": {
      "clean_f1": 0.9751541743192473,
      "conditions": {
        "noise_mild": {
          "f1": 0.970177685807931,
          "retention": 0.9948967161887089
        },
        "noise_moderate": {
          "f1": 0.9137009468282815,
          "retention": 0.936981013762397
        },
        "noise_severe": {
          "f1": 0.8177335752235324,
          "retention": 0.838568502046756
        },
        "brightness_mild": {
          "f1": 0.9574807931332343,
          "retention": 0.981876321046002
        },
        "brightness_moderate": {
          "f1": 0.9715994810261186,
          "retention": 0.996354737141324
        },
        "brightness_severe": {
          "f1": 0.927649153528878,
          "retention": 0.9512846049974277
        },
        "blur_mild": {
          "f1": 0.9727118342266483,
          "retention": 0.997495431843581
        },
        "blur_moderate": {
          "f1": 0.9611938387545078,
          "retention": 0.9856839708710828
        },
        "blur_severe": {
          "f1": 0.9259770431109723,
          "retention": 0.9495698910968561
        }
      },
      "rho": 0.9591901321104594
    },
    "explainability": {
      "deletion_auc": 0.7723422677740455,
      "insertion_auc": 0.985212070286274,
      "eps": 0.6064349012561143
    }
  }
}